"",".id","xbin","zbin","bin.hits","sky.hits","can.hits","lidar.pulses","Freq","hit.count","phi","dee","x.counter","sum.dee","fee","cvr","olai","vai"
"1","1",1,0,0,0,259,482,1,0,1,0,1,2.991878704238,0,0,1.4994460371696,0
"2","1",1,1,0,0,259,482,1,0,1,0,1,2.991878704238,0,0,1.4994460371696,0
"3","1",1,2,0,0,259,482,1,0,1,0,1,2.991878704238,0,0,1.4994460371696,0
"4","1",1,3,0,0,259,482,1,0,1,0,1,2.991878704238,0,0,1.4994460371696,0
"5","1",1,4,0,0,259,482,1,0,1,0,1,2.991878704238,0,0,1.4994460371696,0
"6","1",1,5,0,0,259,482,1,0,1,0,1,2.991878704238,0,0,1.4994460371696,0
"7","1",1,6,0,0,259,482,1,0,1,0,1,2.991878704238,0,0,1.4994460371696,0
"8","1",1,7,0,0,259,482,1,0,1,0,1,2.991878704238,0,0,1.4994460371696,0
"9","1",1,8,0,0,259,482,1,0,1,0,1,2.991878704238,0,0,1.4994460371696,0
"10","1",1,9,0,0,259,482,1,0,1,0,1,2.991878704238,0,0,1.4994460371696,0
"11","1",1,10,0,0,259,482,1,0,1,0,1,2.991878704238,0,0,1.4994460371696,0
"12","1",1,11,0,0,259,482,1,0,1,0,1,2.991878704238,0,0,1.4994460371696,0
"13","1",1,12,0,0,259,482,1,0,1,0,1,2.991878704238,0,0,1.4994460371696,0
"14","1",1,13,1,223,259,482,1,1,0.996138996138996,0.00386847677792033,1,2.991878704238,0.0012929925175244,0.00386100386100386,1.4994460371696,0.00578936693887875
"15","1",1,14,17,223,259,482,1,18,0.930501930501931,0.0681626514309624,1,2.991878704238,0.0227825584420952,0.0656370656370656,1.4994460371696,0.0984192379609387
"16","1",1,15,41,223,259,482,1,59,0.772200772200772,0.186479566942618,1,2.991878704238,0.0623285852726816,0.158301158301158,1.4994460371696,0.237364044494029
"17","1",1,16,33,223,259,482,1,92,0.644787644787645,0.180323554131281,1,2.991878704238,0.060271010945682,0.127413127413127,1.4994460371696,0.191049108982999
"18","1",1,17,126,223,259,482,1,218,0.158301158301158,1.40442174571245,1,2.991878704238,0.469411324637955,0.486486486486487,1.4994460371696,0.729460234298722
"19","1",1,18,15,223,259,482,1,233,0.1003861003861,0.455475528682826,1,2.991878704238,0.152237297600883,0.0579150579150579,1.4994460371696,0.0868405040831812
"20","1",1,19,13,223,259,482,1,246,0.0501930501930502,0.693147180559945,1,2.991878704238,0.231676230583179,0.0501930501930502,1.4994460371696,0.0752617702054237
"21","1",1,20,13,223,259,482,1,259,0,0,1,2.991878704238,0,0.0501930501930502,1.4994460371696,0.0752617702054237
"22","1",1,21,0,0,259,482,1,259,0,0,1,2.991878704238,0,0,1.4994460371696,0
"23","1",1,22,0,0,259,482,1,259,0,0,1,2.991878704238,0,0,1.4994460371696,0
"24","2",2,0,0,0,203,481,1,0,1,0,1,3.9269116179219,0,0,1.06992086872464,0
"25","2",2,1,0,0,203,481,1,0,1,0,1,3.9269116179219,0,0,1.06992086872464,0
"26","2",2,2,0,0,203,481,1,0,1,0,1,3.9269116179219,0,0,1.06992086872464,0
"27","2",2,3,0,0,203,481,1,0,1,0,1,3.9269116179219,0,0,1.06992086872464,0
"28","2",2,4,0,0,203,481,1,0,1,0,1,3.9269116179219,0,0,1.06992086872464,0
"29","2",2,5,0,0,203,481,1,0,1,0,1,3.9269116179219,0,0,1.06992086872464,0
"30","2",2,6,0,0,203,481,1,0,1,0,1,3.9269116179219,0,0,1.06992086872464,0
"31","2",2,7,0,0,203,481,1,0,1,0,1,3.9269116179219,0,0,1.06992086872464,0
"32","2",2,8,0,0,203,481,1,0,1,0,1,3.9269116179219,0,0,1.06992086872464,0
"33","2",2,9,0,0,203,481,1,0,1,0,1,3.9269116179219,0,0,1.06992086872464,0
"34","2",2,10,0,0,203,481,1,0,1,0,1,3.9269116179219,0,0,1.06992086872464,0
"35","2",2,11,0,0,203,481,1,0,1,0,1,3.9269116179219,0,0,1.06992086872464,0
"36","2",2,12,0,0,203,481,1,0,1,0,1,3.9269116179219,0,0,1.06992086872464,0
"37","2",2,13,0,0,203,481,1,0,1,0,1,3.9269116179219,0,0,1.06992086872464,0
"38","2",2,14,4,278,203,481,1,4,0.980295566502463,0.0199011543172948,1,3.9269116179219,0.00506788954110111,0.0197044334975369,1.06992086872464,0.0210821846054117
"39","2",2,15,47,278,203,481,1,51,0.748768472906404,0.269424303878216,1,3.9269116179219,0.0686097193144352,0.231527093596059,1.06992086872464,0.247715669113588
"40","2",2,16,18,278,203,481,1,69,0.660098522167488,0.126040720895365,1,3.9269116179219,0.032096653339518,0.0886699507389163,1.06992086872464,0.0948698307243527
"41","2",2,17,98,278,203,481,1,167,0.177339901477833,1.3143208614948,1,3.9269116179219,0.334695809168818,0.482758620689655,1.06992086872464,0.516513522832587
"42","2",2,18,27,278,203,481,1,194,0.0443349753694581,1.38629436111989,1,3.9269116179219,0.353024079990247,0.133004926108374,1.06992086872464,0.142304746086529
"43","2",2,19,5,278,203,481,1,199,0.0197044334975369,0.810930216216329,1,3.9269116179219,0.20650584864588,0.0246305418719212,1.06992086872464,0.0263527307567646
"44","2",2,20,4,278,203,481,1,203,0,0,1,3.9269116179219,0,0.0197044334975369,1.06992086872464,0.0210821846054117
"45","2",2,21,0,0,203,481,1,203,0,0,1,3.9269116179219,0,0,1.06992086872464,0
"46","2",2,22,0,0,203,481,1,203,0,0,1,3.9269116179219,0,0,1.06992086872464,0
"47","3",3,0,0,0,287,481,1,0,1,0,1,2.44060639089142,0,0,1.76254777436001,0
"48","3",3,1,0,0,287,481,1,0,1,0,1,2.44060639089142,0,0,1.76254777436001,0
"49","3",3,2,0,0,287,481,1,0,1,0,1,2.44060639089142,0,0,1.76254777436001,0
"50","3",3,3,0,0,287,481,1,0,1,0,1,2.44060639089142,0,0,1.76254777436001,0
"51","3",3,4,0,0,287,481,1,0,1,0,1,2.44060639089142,0,0,1.76254777436001,0
"52","3",3,5,0,0,287,481,1,0,1,0,1,2.44060639089142,0,0,1.76254777436001,0
"53","3",3,6,0,0,287,481,1,0,1,0,1,2.44060639089142,0,0,1.76254777436001,0
"54","3",3,7,0,0,287,481,1,0,1,0,1,2.44060639089142,0,0,1.76254777436001,0
"55","3",3,8,0,0,287,481,1,0,1,0,1,2.44060639089142,0,0,1.76254777436001,0
"56","3",3,9,0,0,287,481,1,0,1,0,1,2.44060639089142,0,0,1.76254777436001,0
"57","3",3,10,1,194,287,481,1,1,0.996515679442509,0.00349040493976857,1,2.44060639089142,0.00143013840855088,0.00348432055749129,1.76254777436001,0.00614128144376311
"58","3",3,11,41,194,287,481,1,42,0.853658536585366,0.154733600275126,1,2.44060639089142,0.0633996538125141,0.142857142857143,1.76254777436001,0.251792539194288
"59","3",3,12,16,194,287,481,1,58,0.797909407665505,0.0675362069904873,1,2.44060639089142,0.0276718963133666,0.0557491289198606,1.76254777436001,0.0982605031002098
"60","3",3,13,39,194,287,481,1,97,0.662020905923345,0.186697931393753,1,2.44060639089142,0.0764965346688136,0.13588850174216,1.76254777436001,0.239509976306761
"61","3",3,14,13,194,287,481,1,110,0.616724738675958,0.0708743395866569,1,2.44060639089142,0.0290396435292339,0.0452961672473868,1.76254777436001,0.0798366587689205
"62","3",3,15,38,194,287,481,1,148,0.484320557491289,0.241675799443137,1,2.44060639089142,0.0990228495447258,0.132404181184669,1.76254777436001,0.233368694862998
"63","3",3,16,13,194,287,481,1,161,0.439024390243902,0.0981920261792138,1,2.44060639089142,0.0402326350310628,0.0452961672473868,1.76254777436001,0.0798366587689205
"64","3",3,17,91,194,287,481,1,252,0.121951219512195,1.28093384546206,1,2.44060639089142,0.524842453188123,0.317073170731707,1.76254777436001,0.558856611382443
"65","3",3,18,10,194,287,481,1,262,0.0871080139372822,0.336472236621213,1,2.44060639089142,0.137864195503609,0.0348432055749129,1.76254777436001,0.0614128144376311
"66","3",3,19,25,194,287,481,1,287,0,0,1,2.44060639089142,0,0.0871080139372822,1.76254777436001,0.153532036094078
"67","3",3,20,0,0,287,481,1,287,0,0,1,2.44060639089142,0,0,1.76254777436001,0
"68","3",3,21,0,0,287,481,1,287,0,0,1,2.44060639089142,0,0,1.76254777436001,0
"69","3",3,22,0,0,287,481,1,287,0,0,1,2.44060639089142,0,0,1.76254777436001,0
"70","4",4,0,0,0,482,482,1,0,1,0,1,6.18001665365257,0,0,8,0
"71","4",4,1,0,0,482,482,1,0,1,0,1,6.18001665365257,0,0,8,0
"72","4",4,2,0,0,482,482,1,0,1,0,1,6.18001665365257,0,0,8,0
"73","4",4,3,0,0,482,482,1,0,1,0,1,6.18001665365257,0,0,8,0
"74","4",4,4,0,0,482,482,1,0,1,0,1,6.18001665365257,0,0,8,0
"75","4",4,5,0,0,482,482,1,0,1,0,1,6.18001665365257,0,0,8,0
"76","4",4,6,0,0,482,482,1,0,1,0,1,6.18001665365257,0,0,8,0
"77","4",4,7,0,0,482,482,1,0,1,0,1,6.18001665365257,0,0,8,0
"78","4",4,8,0,0,482,482,1,0,1,0,1,6.18001665365257,0,0,8,0
"79","4",4,9,0,0,482,482,1,0,1,0,1,6.18001665365257,0,0,8,0
"80","4",4,10,0,0,482,482,1,0,1,0,1,6.18001665365257,0,0,8,0
"81","4",4,11,18,0,482,482,1,18,0.962732919254658,0.0379792480652163,1,6.18001665365257,0.00614549283500222,0.037344398340249,8,0.0491639426800177
"82","4",4,12,11,0,482,482,1,29,0.939958592132505,0.0239402075460084,1,6.18001665365257,0.00387380955225404,0.0228215767634855,8,0.0309904764180323
"83","4",4,13,173,0,482,482,1,202,0.581780538302277,0.479742528707602,1,6.18001665365257,0.0776280317018337,0.358921161825726,8,0.62102425361467
"84","4",4,14,81,0,482,482,1,283,0.41407867494824,0.340037302785709,1,6.18001665365257,0.0550220690076518,0.16804979253112,8,0.440176552061214
"85","4",4,15,70,0,482,482,1,353,0.269151138716356,0.430782916092454,1,6.18001665365257,0.069705785636977,0.145228215767635,8,0.557646285095816
"86","4",4,16,10,0,482,482,1,363,0.248447204968944,0.0800427076735364,1,6.18001665365257,0.0129518595433281,0.020746887966805,8,0.103614876346624
"87","4",4,17,33,0,482,482,1,396,0.180124223602484,0.321583624127462,1,6.18001665365257,0.05203604490894,0.0684647302904564,8,0.41628835927152
"88","4",4,18,84,0,482,482,1,480,0.0062111801242236,3.36729582998647,1,6.18001665365257,0.544868407109599,0.174273858921162,8,4.3589472568768
"89","4",4,19,2,0,482,482,1,482,0.0020703933747412,1.09861228866811,1,6.18001665365257,0.177768499704414,0.004149377593361,8,1.42214799763531
"90","4",4,20,0,0,482,482,1,482,0.0020703933747412,0,1,6.18001665365257,0,0,8,0
"91","4",4,21,0,0,482,482,1,482,0.0020703933747412,0,1,6.18001665365257,0,0,8,0
"92","4",4,22,0,0,482,482,1,482,0.0020703933747412,0,1,6.18001665365257,0,0,8,0
"93","5",5,0,0,0,449,481,1,0,1,0,1,5.41387570718231,0,0,4.96282070494637,0
"94","5",5,1,0,0,449,481,1,0,1,0,1,5.41387570718231,0,0,4.96282070494637,0
"95","5",5,2,0,0,449,481,1,0,1,0,1,5.41387570718231,0,0,4.96282070494637,0
"96","5",5,3,0,0,449,481,1,0,1,0,1,5.41387570718231,0,0,4.96282070494637,0
"97","5",5,4,0,0,449,481,1,0,1,0,1,5.41387570718231,0,0,4.96282070494637,0
"98","5",5,5,0,0,449,481,1,0,1,0,1,5.41387570718231,0,0,4.96282070494637,0
"99","5",5,6,0,0,449,481,1,0,1,0,1,5.41387570718231,0,0,4.96282070494637,0
"100","5",5,7,0,0,449,481,1,0,1,0,1,5.41387570718231,0,0,4.96282070494637,0
"101","5",5,8,0,0,449,481,1,0,1,0,1,5.41387570718231,0,0,4.96282070494637,0
"102","5",5,9,0,0,449,481,1,0,1,0,1,5.41387570718231,0,0,4.96282070494637,0
"103","5",5,10,11,32,449,481,1,11,0.975501113585746,0.0248039773658082,1,5.41387570718231,0.00458155648695481,0.0244988864142539,4.96282070494637,0.121583580744788
"104","5",5,11,17,32,449,481,1,28,0.937639198218263,0.0395860766940646,1,5.41387570718231,0.00731196629459886,0.0378619153674833,4.96282070494637,0.187901897514673
"105","5",5,12,41,32,449,481,1,69,0.846325167037862,0.10246158096195,1,5.41387570718231,0.0189257357397436,0.0913140311804009,4.96282070494637,0.453175164594212
"106","5",5,13,13,32,449,481,1,82,0.817371937639198,0.0348094046658612,1,5.41387570718231,0.00642966454137122,0.0289532293986637,4.96282070494637,0.14368968633475
"107","5",5,14,24,32,449,481,1,106,0.763919821826281,0.0676314008886305,1,5.41387570718231,0.0124922337612789,0.0534521158129176,4.96282070494637,0.265273267079538
"108","5",5,15,89,32,449,481,1,195,0.565701559020045,0.300396180147403,1,5.41387570718231,0.0554863458998298,0.198218262806236,4.96282070494637,0.983721698753288
"109","5",5,16,15,32,449,481,1,210,0.532293986636971,0.0608707150870261,1,5.41387570718231,0.0112434637179188,0.0334075723830735,4.96282070494637,0.165795791924712
"110","5",5,17,17,32,449,481,1,227,0.494432071269488,0.0737861700592311,1,5.41387570718231,0.01362908460594,0.0378619153674833,4.96282070494637,0.187901897514673
"111","5",5,18,97,32,449,481,1,324,0.278396436525612,0.574363644569978,1,5.41387570718231,0.106091028984651,0.216035634743875,4.96282070494637,1.07214612111313
"112","5",5,19,49,32,449,481,1,373,0.169265033407572,0.49758039701597,1,5.41387570718231,0.0919083525238409,0.10913140311804,4.96282070494637,0.541599586954058
"113","5",5,20,74,32,449,481,1,447,0.0044543429844098,3.63758615972639,1,5.41387570718231,0.671900567443872,0.164810690423163,4.96282070494637,0.817925906828577
"114","5",5,21,2,32,449,481,1,449,0,0,1,5.41387570718231,0,0.0044543429844098,4.96282070494637,0.0221061055899615
"115","5",5,22,0,0,449,481,1,449,0,0,1,5.41387570718231,0,0,4.96282070494637,0
"116","6",6,0,0,0,418,481,1,0,1,0,1,2.77738489450327,0,0,3.83609025950047,0
"117","6",6,1,0,0,418,481,1,0,1,0,1,2.77738489450327,0,0,3.83609025950047,0
"118","6",6,2,0,0,418,481,1,0,1,0,1,2.77738489450327,0,0,3.83609025950047,0
"119","6",6,3,0,0,418,481,1,0,1,0,1,2.77738489450327,0,0,3.83609025950047,0
"120","6",6,4,0,0,418,481,1,0,1,0,1,2.77738489450327,0,0,3.83609025950047,0
"121","6",6,5,0,0,418,481,1,0,1,0,1,2.77738489450327,0,0,3.83609025950047,0
"122","6",6,6,0,0,418,481,1,0,1,0,1,2.77738489450327,0,0,3.83609025950047,0
"123","6",6,7,0,0,418,481,1,0,1,0,1,2.77738489450327,0,0,3.83609025950047,0
"124","6",6,8,8,63,418,481,1,8,0.980861244019139,0.0193242728264028,1,2.77738489450327,0.00695772230368486,0.0191387559808612,3.83609025950047,0.0734179953971383
"125","6",6,9,11,63,418,481,1,19,0.954545454545455,0.0271957428084901,1,2.77738489450327,0.00979185235086185,0.0263157894736842,3.83609025950047,0.100949743671065
"126","6",6,10,0,0,418,481,1,19,0.954545454545455,0,1,2.77738489450327,0,0,3.83609025950047,0
"127","6",6,11,0,0,418,481,1,19,0.954545454545455,0,1,2.77738489450327,0,0,3.83609025950047,0
"128","6",6,12,19,63,418,481,1,38,0.909090909090909,0.048790164169432,1,2.77738489450327,0.0175669437340113,0.0454545454545455,3.83609025950047,0.174367739068203
"129","6",6,13,24,63,418,481,1,62,0.851674641148325,0.0652405218684009,1,2.77738489450327,0.0234899102380511,0.0574162679425837,3.83609025950047,0.220253986191415
"130","6",6,14,0,0,418,481,1,62,0.851674641148325,0,1,2.77738489450327,0,0,3.83609025950047,0
"131","6",6,15,50,63,418,481,1,112,0.732057416267943,0.15134562889965,1,2.77738489450327,0.0544921336611205,0.119617224880383,3.83609025950047,0.458862471232114
"132","6",6,16,80,63,418,481,1,192,0.54066985645933,0.303050102680095,1,2.77738489450327,0.109113469753458,0.191387559808612,3.83609025950047,0.734179953971383
"133","6",6,17,48,63,418,481,1,240,0.425837320574163,0.238751448980201,1,2.77738489450327,0.0859626800205884,0.114832535885167,3.83609025950047,0.44050797238283
"134","6",6,18,105,63,418,481,1,345,0.174641148325359,0.891324109143694,1,2.77738489450327,0.32092206986065,0.251196172248804,3.83609025950047,0.96361118958744
"135","6",6,19,47,63,418,481,1,392,0.062200956937799,1.03236290312691,1,2.77738489450327,0.371703218077574,0.11244019138756,3.83609025950047,0.431330722958187
"136","6",6,20,26,63,418,481,1,418,0,0,1,2.77738489450327,0,0.062200956937799,3.83609025950047,0.238608485040699
"137","6",6,21,0,0,418,481,1,418,0,0,1,2.77738489450327,0,0,3.83609025950047,0
"138","6",6,22,0,0,418,481,1,418,0,0,1,2.77738489450327,0,0,3.83609025950047,0
"139","7",7,0,0,0,250,482,1,0,1,0,1,2.12026353620009,0,0,1.42332461087784,0
"140","7",7,1,0,0,250,482,1,0,1,0,1,2.12026353620009,0,0,1.42332461087784,0
"141","7",7,2,0,0,250,482,1,0,1,0,1,2.12026353620009,0,0,1.42332461087784,0
"142","7",7,3,0,0,250,482,1,0,1,0,1,2.12026353620009,0,0,1.42332461087784,0
"143","7",7,4,0,0,250,482,1,0,1,0,1,2.12026353620009,0,0,1.42332461087784,0
"144","7",7,5,0,0,250,482,1,0,1,0,1,2.12026353620009,0,0,1.42332461087784,0
"145","7",7,6,0,0,250,482,1,0,1,0,1,2.12026353620009,0,0,1.42332461087784,0
"146","7",7,7,0,0,250,482,1,0,1,0,1,2.12026353620009,0,0,1.42332461087784,0
"147","7",7,8,0,0,250,482,1,0,1,0,1,2.12026353620009,0,0,1.42332461087784,0
"148","7",7,9,0,0,250,482,1,0,1,0,1,2.12026353620009,0,0,1.42332461087784,0
"149","7",7,10,0,0,250,482,1,0,1,0,1,2.12026353620009,0,0,1.42332461087784,0
"150","7",7,11,0,0,250,482,1,0,1,0,1,2.12026353620009,0,0,1.42332461087784,0
"151","7",7,12,0,0,250,482,1,0,1,0,1,2.12026353620009,0,0,1.42332461087784,0
"152","7",7,13,0,0,250,482,1,0,1,0,1,2.12026353620009,0,0,1.42332461087784,0
"153","7",7,14,104,232,250,482,1,104,0.584,0.53785429615391,1,2.12026353620009,0.253673322665279,0.416,1.42332461087784,0.592103038125183
"154","7",7,15,34,232,250,482,1,138,0.448,0.265107750413242,1,2.12026353620009,0.125035282589618,0.136,1.42332461087784,0.193572147079387
"155","7",7,16,10,232,250,482,1,148,0.408,0.0935260580108235,1,2.12026353620009,0.0441105817338347,0.04,1.42332461087784,0.0569329844351138
"156","7",7,17,49,232,250,482,1,197,0.212,0.654680899732149,1,2.12026353620009,0.308773361685718,0.196,1.42332461087784,0.278971623732057
"157","7",7,18,7,232,250,482,1,204,0.184,0.141650517063027,1,2.12026353620009,0.0668079767654218,0.028,1.42332461087784,0.0398530891045796
"158","7",7,19,16,232,250,482,1,220,0.12,0.42744401482694,1,2.12026353620009,0.201599474560129,0.064,1.42332461087784,0.091092775096182
"159","7",7,20,30,232,250,482,1,250,0,0,1,2.12026353620009,0,0.12,1.42332461087784,0.170798953305341
"160","7",7,21,0,0,250,482,1,250,0,0,1,2.12026353620009,0,0,1.42332461087784,0
"161","7",7,22,0,0,250,482,1,250,0,0,1,2.12026353620009,0,0,1.42332461087784,0
"162","8",8,0,0,0,408,481,1,0,1,0,1,3.120895416508,0,0,3.5758965424494,0
"163","8",8,1,0,0,408,481,1,0,1,0,1,3.120895416508,0,0,3.5758965424494,0
"164","8",8,2,0,0,408,481,1,0,1,0,1,3.120895416508,0,0,3.5758965424494,0
"165","8",8,3,0,0,408,481,1,0,1,0,1,3.120895416508,0,0,3.5758965424494,0
"166","8",8,4,0,0,408,481,1,0,1,0,1,3.120895416508,0,0,3.5758965424494,0
"167","8",8,5,0,0,408,481,1,0,1,0,1,3.120895416508,0,0,3.5758965424494,0
"168","8",8,6,0,0,408,481,1,0,1,0,1,3.120895416508,0,0,3.5758965424494,0
"169","8",8,7,0,0,408,481,1,0,1,0,1,3.120895416508,0,0,3.5758965424494,0
"170","8",8,8,0,0,408,481,1,0,1,0,1,3.120895416508,0,0,3.5758965424494,0
"171","8",8,9,0,0,408,481,1,0,1,0,1,3.120895416508,0,0,3.5758965424494,0
"172","8",8,10,2,73,408,481,1,2,0.995098039215686,0.00491401480242894,1,3.120895416508,0.00157455285955314,0.00490196078431373,3.5758965424494,0.01752890461985
"173","8",8,11,5,73,408,481,1,7,0.982843137254902,0.0123917322951635,1,3.120895416508,0.00397056954539947,0.0122549019607843,3.5758965424494,0.043822261549625
"174","8",8,12,43,73,408,481,1,50,0.877450980392157,0.113428440905869,1,3.120895416508,0.0363448388260268,0.105392156862745,3.5758965424494,0.376871449326775
"175","8",8,13,13,73,408,481,1,63,0.845588235294118,0.0369885693693406,1,3.120895416508,0.011851909286575,0.0318627450980392,3.5758965424494,0.113937880029025
"176","8",8,14,34,73,408,481,1,97,0.762254901960784,0.103751504852126,1,3.120895416508,0.0332441466328322,0.0833333333333333,3.5758965424494,0.29799137853745
"177","8",8,15,95,73,408,481,1,192,0.529411764705882,0.364514504495069,1,3.120895416508,0.116798051792113,0.232843137254902,3.5758965424494,0.832622969442876
"178","8",8,16,81,73,408,481,1,273,0.330882352941176,0.470003629245736,1,3.120895416508,0.150598968090904,0.198529411764706,3.5758965424494,0.709920637103926
"179","8",8,17,53,73,408,481,1,326,0.200980392156863,0.498555531174176,1,3.120895416508,0.159747593122494,0.129901960784314,3.5758965424494,0.464515972426026
"180","8",8,18,13,73,408,481,1,339,0.169117647058824,0.172612742666994,1,3.120895416508,0.0553087238213615,0.0318627450980392,3.5758965424494,0.113937880029025
"181","8",8,19,51,73,408,481,1,390,0.0441176470588235,1.34373474670109,1,3.120895416508,0.430560646022741,0.125,3.5758965424494,0.446987067806175
"182","8",8,20,18,73,408,481,1,408,0,0,1,3.120895416508,0,0.0441176470588235,3.5758965424494,0.15776014157865
"183","8",8,21,0,0,408,481,1,408,0,0,1,3.120895416508,0,0,3.5758965424494,0
"184","8",8,22,0,0,408,481,1,408,0,0,1,3.120895416508,0,0,3.5758965424494,0
"185","9",9,0,0,0,481,481,1,0,1,0,1,6.1779441140506,0,0,8,0
"186","9",9,1,0,0,481,481,1,0,1,0,1,6.1779441140506,0,0,8,0
"187","9",9,2,0,0,481,481,1,0,1,0,1,6.1779441140506,0,0,8,0
"188","9",9,3,0,0,481,481,1,0,1,0,1,6.1779441140506,0,0,8,0
"189","9",9,4,0,0,481,481,1,0,1,0,1,6.1779441140506,0,0,8,0
"190","9",9,5,0,0,481,481,1,0,1,0,1,6.1779441140506,0,0,8,0
"191","9",9,6,0,0,481,481,1,0,1,0,1,6.1779441140506,0,0,8,0
"192","9",9,7,0,0,481,481,1,0,1,0,1,6.1779441140506,0,0,8,0
"193","9",9,8,31,0,481,481,1,31,0.935684647302905,0.0664767745479221,1,6.1779441140506,0.0107603392521361,0.0644490644490645,8,0.086082714017089
"194","9",9,9,58,0,481,481,1,89,0.815352697095436,0.137657727633417,1,6.1779441140506,0.0222821257512414,0.120582120582121,8,0.178257006009931
"195","9",9,10,9,0,481,481,1,98,0.796680497925311,0.0231670592815344,1,6.1779441140506,0.00374996258526281,0.0187110187110187,8,0.0299997006821025
"196","9",9,11,173,0,481,481,1,271,0.437759336099585,0.59878441911166,1,6.1779441140506,0.096922925824116,0.35966735966736,8,0.775383406592928
"197","9",9,12,7,0,481,481,1,278,0.423236514522822,0.0337381396318502,1,6.1779441140506,0.0054610626138749,0.0145530145530146,8,0.0436885009109992
"198","9",9,13,38,0,481,481,1,316,0.344398340248963,0.206132205487673,1,6.1779441140506,0.0333658255371497,0.079002079002079,8,0.266926604297198
"199","9",9,14,27,0,481,481,1,343,0.288381742738589,0.177513855225852,1,6.1779441140506,0.028733483493664,0.0561330561330561,8,0.229867867949312
"200","9",9,15,9,0,481,481,1,352,0.269709543568465,0.0669394826751093,1,6.1779441140506,0.0108352360331114,0.0187110187110187,8,0.0866818882648909
"201","9",9,16,38,0,481,481,1,390,0.190871369294606,0.345745873406542,1,6.1779441140506,0.0559645518029544,0.079002079002079,8,0.447716414423635
"202","9",9,17,23,0,481,481,1,413,0.143153526970954,0.287682072451781,1,6.1779441140506,0.0465659881573711,0.0478170478170478,8,0.372527905258969
"203","9",9,18,20,0,481,481,1,433,0.101659751037344,0.342286206486633,1,6.1779441140506,0.0554045488543941,0.0415800415800416,8,0.443236390835152
"204","9",9,19,37,0,481,481,1,470,0.024896265560166,1.40691364832263,1,6.1779441140506,0.227731689110437,0.0769230769230769,8,1.8218535128835
"205","9",9,20,10,0,481,481,1,480,0.004149377593361,1.79175946922805,1,6.1779441140506,0.290025198698872,0.0207900207900208,8,2.32020158959098
"206","9",9,21,1,0,481,481,1,481,0.0020746887966805,0.693147180559945,1,6.1779441140506,0.112197062285415,0.00207900207900208,8,0.897576498283316
"207","9",9,22,0,0,481,481,1,481,0.0020746887966805,0,1,6.1779441140506,0,0,8,0
"208","10",10,0,0,0,481,481,1,0,1,0,1,6.1779441140506,0,0,8,0
"209","10",10,1,0,0,481,481,1,0,1,0,1,6.1779441140506,0,0,8,0
"210","10",10,2,0,0,481,481,1,0,1,0,1,6.1779441140506,0,0,8,0
"211","10",10,3,0,0,481,481,1,0,1,0,1,6.1779441140506,0,0,8,0
"212","10",10,4,0,0,481,481,1,0,1,0,1,6.1779441140506,0,0,8,0
"213","10",10,5,0,0,481,481,1,0,1,0,1,6.1779441140506,0,0,8,0
"214","10",10,6,0,0,481,481,1,0,1,0,1,6.1779441140506,0,0,8,0
"215","10",10,7,0,0,481,481,1,0,1,0,1,6.1779441140506,0,0,8,0
"216","10",10,8,0,0,481,481,1,0,1,0,1,6.1779441140506,0,0,8,0
"217","10",10,9,0,0,481,481,1,0,1,0,1,6.1779441140506,0,0,8,0
"218","10",10,10,0,0,481,481,1,0,1,0,1,6.1779441140506,0,0,8,0
"219","10",10,11,132,0,481,481,1,132,0.726141078838174,0.320010959567141,1,6.1779441140506,0.0517989404985608,0.274428274428274,8,0.414391523988486
"220","10",10,12,3,0,481,481,1,135,0.719917012448133,0.0086083745366001,1,6.1779441140506,0.00139340440406736,0.00623700623700624,8,0.0111472352325388
"221","10",10,13,10,0,481,481,1,145,0.699170124481328,0.0292418495944976,1,6.1779441140506,0.00473326547710142,0.0207900207900208,8,0.0378661238168113
"222","10",10,14,23,0,481,481,1,168,0.651452282157676,0.0706899444441082,1,6.1779441140506,0.0114423088229848,0.0478170478170478,8,0.0915384705838785
"223","10",10,15,78,0,481,481,1,246,0.489626556016597,0.285561180882643,1,6.1779441140506,0.0462226876143452,0.162162162162162,8,0.369781500914761
"224","10",10,16,88,0,481,481,1,334,0.307053941908714,0.466619531261495,1,6.1779441140506,0.0755299048756777,0.182952182952183,8,0.604239239005422
"225","10",10,17,58,0,481,481,1,392,0.186721991701245,0.49740260343385,1,6.1779441140506,0.080512642110601,0.120582120582121,8,0.644101136884808
"226","10",10,18,60,0,481,481,1,452,0.0622406639004149,1.09861228866811,1,6.1779441140506,0.177828136413458,0.124740124740125,8,1.42262509130766
"227","10",10,19,18,0,481,481,1,470,0.024896265560166,0.916290731874155,1,6.1779441140506,0.148316448798917,0.0374220374220374,8,1.18653159039133
"228","10",10,20,1,0,481,481,1,471,0.0228215767634855,0.0870113769896297,1,6.1779441140506,0.0140841961959057,0.00207900207900208,8,0.112673569567246
"229","10",10,21,10,0,481,481,1,481,0.0020746887966805,2.39789527279837,1,6.1779441140506,0.388138064788381,0.0207900207900208,8,3.10510451830705
"230","10",10,22,0,0,481,481,1,481,0.0020746887966805,0,1,6.1779441140506,0,0,8,0
"231","11",11,0,0,0,230,480,1,0,1,0,1,1.0813704822336,0,0,1.27123038224992,0
"232","11",11,1,0,0,230,480,1,0,1,0,1,1.0813704822336,0,0,1.27123038224992,0
"233","11",11,2,0,0,230,480,1,0,1,0,1,1.0813704822336,0,0,1.27123038224992,0
"234","11",11,3,0,0,230,480,1,0,1,0,1,1.0813704822336,0,0,1.27123038224992,0
"235","11",11,4,0,0,230,480,1,0,1,0,1,1.0813704822336,0,0,1.27123038224992,0
"236","11",11,5,0,0,230,480,1,0,1,0,1,1.0813704822336,0,0,1.27123038224992,0
"237","11",11,6,0,0,230,480,1,0,1,0,1,1.0813704822336,0,0,1.27123038224992,0
"238","11",11,7,0,0,230,480,1,0,1,0,1,1.0813704822336,0,0,1.27123038224992,0
"239","11",11,8,0,0,230,480,1,0,1,0,1,1.0813704822336,0,0,1.27123038224992,0
"240","11",11,9,0,0,230,480,1,0,1,0,1,1.0813704822336,0,0,1.27123038224992,0
"241","11",11,10,0,0,230,480,1,0,1,0,1,1.0813704822336,0,0,1.27123038224992,0
"242","11",11,11,0,0,230,480,1,0,1,0,1,1.0813704822336,0,0,1.27123038224992,0
"243","11",11,12,0,0,230,480,1,0,1,0,1,1.0813704822336,0,0,1.27123038224992,0
"244","11",11,13,0,0,230,480,1,0,1,0,1,1.0813704822336,0,0,1.27123038224992,0
"245","11",11,14,25,250,230,480,1,25,0.891304347826087,0.115069329784787,1,1.0813704822336,0.106410644340049,0.108695652173913,1.27123038224992,0.138177215461948
"246","11",11,15,7,250,230,480,1,32,0.860869565217391,0.0347429484438728,1,1.0813704822336,0.0321286266036319,0.0304347826086957,1.27123038224992,0.0386896203293453
"247","11",11,16,31,250,230,480,1,63,0.726086956521739,0.17027321827778,1,1.0813704822336,0.157460575330367,0.134782608695652,1.27123038224992,0.171339747172815
"248","11",11,17,30,250,230,480,1,93,0.595652173913043,0.19801288658863,1,1.0813704822336,0.183112901491105,0.130434782608696,1.27123038224992,0.165812658554337
"249","11",11,18,6,250,230,480,1,99,0.569565217391304,0.0447836026269732,1,1.0813704822336,0.0414137461330287,0.0260869565217391,1.27123038224992,0.0331625317108674
"250","11",11,19,53,250,230,480,1,152,0.339130434782609,0.51848849651156,1,1.0813704822336,0.479473506101818,0.230434782608696,1.27123038224992,0.292935696779329
"251","11",11,20,78,250,230,480,1,230,0,0,1,1.0813704822336,0,0.339130434782609,1.27123038224992,0.431112912241277
"252","11",11,21,0,0,230,480,1,230,0,0,1,1.0813704822336,0,0,1.27123038224992,0
"253","11",11,22,0,0,230,480,1,230,0,0,1,1.0813704822336,0,0,1.27123038224992,0
"254","12",12,0,0,0,203,479,1,0,1,0,1,5.31320597904179,0,0,1.07583675514659,0
"255","12",12,1,0,0,203,479,1,0,1,0,1,5.31320597904179,0,0,1.07583675514659,0
"256","12",12,2,0,0,203,479,1,0,1,0,1,5.31320597904179,0,0,1.07583675514659,0
"257","12",12,3,0,0,203,479,1,0,1,0,1,5.31320597904179,0,0,1.07583675514659,0
"258","12",12,4,0,0,203,479,1,0,1,0,1,5.31320597904179,0,0,1.07583675514659,0
"259","12",12,5,0,0,203,479,1,0,1,0,1,5.31320597904179,0,0,1.07583675514659,0
"260","12",12,6,0,0,203,479,1,0,1,0,1,5.31320597904179,0,0,1.07583675514659,0
"261","12",12,7,0,0,203,479,1,0,1,0,1,5.31320597904179,0,0,1.07583675514659,0
"262","12",12,8,0,0,203,479,1,0,1,0,1,5.31320597904179,0,0,1.07583675514659,0
"263","12",12,9,0,0,203,479,1,0,1,0,1,5.31320597904179,0,0,1.07583675514659,0
"264","12",12,10,0,0,203,479,1,0,1,0,1,5.31320597904179,0,0,1.07583675514659,0
"265","12",12,11,0,0,203,479,1,0,1,0,1,5.31320597904179,0,0,1.07583675514659,0
"266","12",12,12,0,0,203,479,1,0,1,0,1,5.31320597904179,0,0,1.07583675514659,0
"267","12",12,13,0,0,203,479,1,0,1,0,1,5.31320597904179,0,0,1.07583675514659,0
"268","12",12,14,0,0,203,479,1,0,1,0,1,5.31320597904179,0,0,1.07583675514659,0
"269","12",12,15,0,0,203,479,1,0,1,0,1,5.31320597904179,0,0,1.07583675514659,0
"270","12",12,16,29,276,203,479,1,29,0.857142857142857,0.154150679827258,1,5.31320597904179,0.0290127430472889,0.142857142857143,1.07583675514659,0.153690965020941
"271","12",12,17,0,0,203,479,1,29,0.857142857142857,0,1,5.31320597904179,0,0,1.07583675514659,0
"272","12",12,18,76,276,203,479,1,105,0.482758620689655,0.574087820543957,1,5.31320597904179,0.108049231068488,0.374384236453202,1.07583675514659,0.402776322123845
"273","12",12,19,45,276,203,479,1,150,0.261083743842365,0.61467556511845,1,5.31320597904179,0.115688261953907,0.221674876847291,1.07583675514659,0.238485980204908
"274","12",12,20,52,276,203,479,1,202,0.00492610837438424,3.97029191355212,1,5.31320597904179,0.747249763930317,0.25615763546798,1.07583675514659,0.275583799347894
"275","12",12,21,1,276,203,479,1,203,0,0,1,5.31320597904179,0,0.00492610837438424,1.07583675514659,0.00529968844899796
"276","12",12,22,0,0,203,479,1,203,0,0,1,5.31320597904179,0,0,1.07583675514659,0
"277","13",13,0,0,0,404,479,1,0,1,0,1,3.43646552049961,0,0,3.52024201735895,0
"278","13",13,1,0,0,404,479,1,0,1,0,1,3.43646552049961,0,0,3.52024201735895,0
"279","13",13,2,0,0,404,479,1,0,1,0,1,3.43646552049961,0,0,3.52024201735895,0
"280","13",13,3,0,0,404,479,1,0,1,0,1,3.43646552049961,0,0,3.52024201735895,0
"281","13",13,4,0,0,404,479,1,0,1,0,1,3.43646552049961,0,0,3.52024201735895,0
"282","13",13,5,0,0,404,479,1,0,1,0,1,3.43646552049961,0,0,3.52024201735895,0
"283","13",13,6,0,0,404,479,1,0,1,0,1,3.43646552049961,0,0,3.52024201735895,0
"284","13",13,7,0,0,404,479,1,0,1,0,1,3.43646552049961,0,0,3.52024201735895,0
"285","13",13,8,0,0,404,479,1,0,1,0,1,3.43646552049961,0,0,3.52024201735895,0
"286","13",13,9,0,0,404,479,1,0,1,0,1,3.43646552049961,0,0,3.52024201735895,0
"287","13",13,10,0,0,404,479,1,0,1,0,1,3.43646552049961,0,0,3.52024201735895,0
"288","13",13,11,0,0,404,479,1,0,1,0,1,3.43646552049961,0,0,3.52024201735895,0
"289","13",13,12,0,0,404,479,1,0,1,0,1,3.43646552049961,0,0,3.52024201735895,0
"290","13",13,13,0,0,404,479,1,0,1,0,1,3.43646552049961,0,0,3.52024201735895,0
"291","13",13,14,8,75,404,479,1,8,0.98019801980198,0.0200006667066694,1,3.43646552049961,0.00582012727535285,0.0198019801980198,3.52024201735895,0.0697077627199792
"292","13",13,15,47,75,404,479,1,55,0.863861386138614,0.126342289052053,1,3.43646552049961,0.0367651845474314,0.116336633663366,3.52024201735895,0.409533105979878
"293","13",13,16,68,75,404,479,1,123,0.695544554455445,0.216717252868681,1,3.43646552049961,0.0630639974636422,0.168316831683168,3.52024201735895,0.592515983119823
"294","13",13,17,59,75,404,479,1,182,0.54950495049505,0.235677287461466,1,3.43646552049961,0.068581304266135,0.146039603960396,3.52024201735895,0.514094750059847
"295","13",13,18,94,75,404,479,1,276,0.316831683168317,0.550647117952662,1,3.43646552049961,0.160236473978242,0.232673267326733,3.52024201735895,0.819066211959756
"296","13",13,19,96,75,404,479,1,372,0.0792079207920792,1.38629436111989,1,3.43646552049961,0.403407033433102,0.237623762376238,3.52024201735895,0.836493152639751
"297","13",13,20,19,75,404,479,1,391,0.0321782178217822,0.90078654533819,1,3.43646552049961,0.262125879036094,0.047029702970297,3.52024201735895,0.165555936459951
"298","13",13,21,13,75,404,479,1,404,0,0,1,3.43646552049961,0,0.0321782178217822,3.52024201735895,0.113275114419966
"299","13",13,22,0,0,404,479,1,404,0,0,1,3.43646552049961,0,0,3.52024201735895,0
"300","14",14,0,0,0,335,479,1,0,1,0,1,5.81413053182507,0,0,2.32032157132522,0
"301","14",14,1,0,0,335,479,1,0,1,0,1,5.81413053182507,0,0,2.32032157132522,0
"302","14",14,2,0,0,335,479,1,0,1,0,1,5.81413053182507,0,0,2.32032157132522,0
"303","14",14,3,0,0,335,479,1,0,1,0,1,5.81413053182507,0,0,2.32032157132522,0
"304","14",14,4,0,0,335,479,1,0,1,0,1,5.81413053182507,0,0,2.32032157132522,0
"305","14",14,5,0,0,335,479,1,0,1,0,1,5.81413053182507,0,0,2.32032157132522,0
"306","14",14,6,0,0,335,479,1,0,1,0,1,5.81413053182507,0,0,2.32032157132522,0
"307","14",14,7,0,0,335,479,1,0,1,0,1,5.81413053182507,0,0,2.32032157132522,0
"308","14",14,8,0,0,335,479,1,0,1,0,1,5.81413053182507,0,0,2.32032157132522,0
"309","14",14,9,0,0,335,479,1,0,1,0,1,5.81413053182507,0,0,2.32032157132522,0
"310","14",14,10,0,0,335,479,1,0,1,0,1,5.81413053182507,0,0,2.32032157132522,0
"311","14",14,11,0,0,335,479,1,0,1,0,1,5.81413053182507,0,0,2.32032157132522,0
"312","14",14,12,0,0,335,479,1,0,1,0,1,5.81413053182507,0,0,2.32032157132522,0
"313","14",14,13,0,0,335,479,1,0,1,0,1,5.81413053182507,0,0,2.32032157132522,0
"314","14",14,14,55,144,335,479,1,55,0.835820895522388,0.179340928655817,1,5.81413053182507,0.0308457004317585,0.164179104477612,2.32032157132522,0.38094831768026
"315","14",14,15,42,144,335,479,1,97,0.71044776119403,0.162518929497775,1,5.81413053182507,0.0279524046816954,0.125373134328358,2.32032157132522,0.290905988046744
"316","14",14,16,60,144,335,479,1,157,0.53134328358209,0.290487123379389,1,5.81413053182507,0.0499622637966824,0.17910447761194,2.32032157132522,0.41557998292392
"317","14",14,17,39,144,335,479,1,196,0.414925373134328,0.247309617161393,1,5.81413053182507,0.0425359588691179,0.116417910447761,2.32032157132522,0.270126988900548
"318","14",14,18,41,144,335,479,1,237,0.292537313432836,0.34950645446012,1,5.81413053182507,0.0601132796291742,0.122388059701493,2.32032157132522,0.283979654998012
"319","14",14,19,62,144,335,479,1,299,0.107462686567164,1.00144854021446,1,5.81413053182507,0.172243903836143,0.185074626865672,2.32032157132522,0.429432649021384
"320","14",14,20,35,144,335,479,1,334,0.00298507462686567,3.58351893845611,1,5.81413053182507,0.616346488755428,0.104477611940299,2.32032157132522,0.24242165670562
"321","14",14,21,1,144,335,479,1,335,0,0,1,5.81413053182507,0,0.00298507462686567,2.32032157132522,0.00692633304873201
"322","14",14,22,0,0,335,479,1,335,0,0,1,5.81413053182507,0,0,2.32032157132522,0
"323","15",15,0,0,0,227,479,1,0,1,0,1,3.02705474468303,0,0,1.25181504410013,0
"324","15",15,1,0,0,227,479,1,0,1,0,1,3.02705474468303,0,0,1.25181504410013,0
"325","15",15,2,0,0,227,479,1,0,1,0,1,3.02705474468303,0,0,1.25181504410013,0
"326","15",15,3,0,0,227,479,1,0,1,0,1,3.02705474468303,0,0,1.25181504410013,0
"327","15",15,4,0,0,227,479,1,0,1,0,1,3.02705474468303,0,0,1.25181504410013,0
"328","15",15,5,0,0,227,479,1,0,1,0,1,3.02705474468303,0,0,1.25181504410013,0
"329","15",15,6,0,0,227,479,1,0,1,0,1,3.02705474468303,0,0,1.25181504410013,0
"330","15",15,7,0,0,227,479,1,0,1,0,1,3.02705474468303,0,0,1.25181504410013,0
"331","15",15,8,0,0,227,479,1,0,1,0,1,3.02705474468303,0,0,1.25181504410013,0
"332","15",15,9,0,0,227,479,1,0,1,0,1,3.02705474468303,0,0,1.25181504410013,0
"333","15",15,10,0,0,227,479,1,0,1,0,1,3.02705474468303,0,0,1.25181504410013,0
"334","15",15,11,0,0,227,479,1,0,1,0,1,3.02705474468303,0,0,1.25181504410013,0
"335","15",15,12,0,0,227,479,1,0,1,0,1,3.02705474468303,0,0,1.25181504410013,0
"336","15",15,13,0,0,227,479,1,0,1,0,1,3.02705474468303,0,0,1.25181504410013,0
"337","15",15,14,0,0,227,479,1,0,1,0,1,3.02705474468303,0,0,1.25181504410013,0
"338","15",15,15,1,252,227,479,1,1,0.995594713656388,0.00441501820911691,1,3.02705474468303,0.00145851944596371,0.00440528634361234,1.25181504410013,0.0055146037185028
"339","15",15,16,0,0,227,479,1,1,0.995594713656388,0,1,3.02705474468303,0,0,1.25181504410013,0
"340","15",15,17,10,252,227,479,1,11,0.951541850220264,0.0452565915881209,1,3.02705474468303,0.0149507013930334,0.0440528634361234,1.25181504410013,0.055146037185028
"341","15",15,18,33,252,227,479,1,44,0.806167400881057,0.165792254842744,1,3.02705474468303,0.0547701541024176,0.145374449339207,1.25181504410013,0.181981922710592
"342","15",15,19,82,252,227,479,1,126,0.444933920704846,0.594365636000162,1,3.02705474468303,0.196351135388005,0.361233480176211,1.25181504410013,0.452197504917229
"343","15",15,20,90,252,227,479,1,216,0.0484581497797357,2.21722524404289,1,3.02705474468303,0.73246948967058,0.39647577092511,1.25181504410013,0.496314334665252
"344","15",15,21,11,252,227,479,1,227,0,0,1,3.02705474468303,0,0.0484581497797357,1.25181504410013,0.0606606409035308
"345","15",15,22,0,0,227,479,1,227,0,0,1,3.02705474468303,0,0,1.25181504410013,0
"346","16",16,0,0,0,217,479,1,0,1,0,1,3.99360299242057,0,0,1.1766003636051,0
"347","16",16,1,0,0,217,479,1,0,1,0,1,3.99360299242057,0,0,1.1766003636051,0
"348","16",16,2,0,0,217,479,1,0,1,0,1,3.99360299242057,0,0,1.1766003636051,0
"349","16",16,3,0,0,217,479,1,0,1,0,1,3.99360299242057,0,0,1.1766003636051,0
"350","16",16,4,0,0,217,479,1,0,1,0,1,3.99360299242057,0,0,1.1766003636051,0
"351","16",16,5,0,0,217,479,1,0,1,0,1,3.99360299242057,0,0,1.1766003636051,0
"352","16",16,6,0,0,217,479,1,0,1,0,1,3.99360299242057,0,0,1.1766003636051,0
"353","16",16,7,0,0,217,479,1,0,1,0,1,3.99360299242057,0,0,1.1766003636051,0
"354","16",16,8,0,0,217,479,1,0,1,0,1,3.99360299242057,0,0,1.1766003636051,0
"355","16",16,9,0,0,217,479,1,0,1,0,1,3.99360299242057,0,0,1.1766003636051,0
"356","16",16,10,0,0,217,479,1,0,1,0,1,3.99360299242057,0,0,1.1766003636051,0
"357","16",16,11,0,0,217,479,1,0,1,0,1,3.99360299242057,0,0,1.1766003636051,0
"358","16",16,12,0,0,217,479,1,0,1,0,1,3.99360299242057,0,0,1.1766003636051,0
"359","16",16,13,0,0,217,479,1,0,1,0,1,3.99360299242057,0,0,1.1766003636051,0
"360","16",16,14,20,262,217,479,1,20,0.907834101382488,0.0966936248024711,1,3.99360299242057,0.0242121274913869,0.0921658986175115,1.1766003636051,0.108442429825355
"361","16",16,15,2,262,217,479,1,22,0.898617511520737,0.0102041701742417,1,3.99360299242057,0.00255512883819651,0.00921658986175115,1.1766003636051,0.0108442429825355
"362","16",16,16,11,262,217,479,1,33,0.847926267281106,0.0580638009547611,1,3.99360299242057,0.0145392020851747,0.0506912442396313,1.1766003636051,0.0596433364039453
"363","16",16,17,30,262,217,479,1,63,0.709677419354839,0.177983155195356,1,3.99360299242057,0.0445670627584037,0.138248847926267,1.1766003636051,0.162663644738033
"364","16",16,18,91,262,217,479,1,154,0.290322580645161,0.893817876022096,1,3.99360299242057,0.223812401412576,0.419354838709677,1.1766003636051,0.493413055705366
"365","16",16,19,21,262,217,479,1,175,0.193548387096774,0.405465108108165,1,3.99360299242057,0.101528646907991,0.0967741935483871,1.1766003636051,0.113864551316623
"366","16",16,20,38,262,217,479,1,213,0.0184331797235023,2.35137525716348,1,3.99360299242057,0.588785430506271,0.175115207373272,1.1766003636051,0.206040616668175
"367","16",16,21,4,262,217,479,1,217,0,0,1,3.99360299242057,0,0.0184331797235023,1.1766003636051,0.021688485965071
"368","16",16,22,0,0,217,479,1,217,0,0,1,3.99360299242057,0,0,1.1766003636051,0
"369","17",17,0,0,0,308,479,1,0,1,0,1,2.95751106073379,0,0,1.99515989177006,0
"370","17",17,1,0,0,308,479,1,0,1,0,1,2.95751106073379,0,0,1.99515989177006,0
"371","17",17,2,0,0,308,479,1,0,1,0,1,2.95751106073379,0,0,1.99515989177006,0
"372","17",17,3,0,0,308,479,1,0,1,0,1,2.95751106073379,0,0,1.99515989177006,0
"373","17",17,4,0,0,308,479,1,0,1,0,1,2.95751106073379,0,0,1.99515989177006,0
"374","17",17,5,0,0,308,479,1,0,1,0,1,2.95751106073379,0,0,1.99515989177006,0
"375","17",17,6,0,0,308,479,1,0,1,0,1,2.95751106073379,0,0,1.99515989177006,0
"376","17",17,7,0,0,308,479,1,0,1,0,1,2.95751106073379,0,0,1.99515989177006,0
"377","17",17,8,0,0,308,479,1,0,1,0,1,2.95751106073379,0,0,1.99515989177006,0
"378","17",17,9,0,0,308,479,1,0,1,0,1,2.95751106073379,0,0,1.99515989177006,0
"379","17",17,10,0,0,308,479,1,0,1,0,1,2.95751106073379,0,0,1.99515989177006,0
"380","17",17,11,0,0,308,479,1,0,1,0,1,2.95751106073379,0,0,1.99515989177006,0
"381","17",17,12,0,0,308,479,1,0,1,0,1,2.95751106073379,0,0,1.99515989177006,0
"382","17",17,13,6,171,308,479,1,6,0.980519480519481,0.0196727655987047,1,2.95751106073379,0.00665179781063056,0.0194805194805195,1.99515989177006,0.0388667511383777
"383","17",17,14,32,171,308,479,1,38,0.876623376623377,0.112005058376495,1,2.95751106073379,0.0378713912057881,0.103896103896104,1.99515989177006,0.207289339404681
"384","17",17,15,20,171,308,479,1,58,0.811688311688312,0.0769610411361284,1,2.95751106073379,0.0260222327341131,0.0649350649350649,1.99515989177006,0.129555837127926
"385","17",17,16,22,171,308,479,1,80,0.74025974025974,0.0921152889078055,1,2.95751106073379,0.0311462195799703,0.0714285714285714,1.99515989177006,0.142511420840718
"386","17",17,17,62,171,308,479,1,142,0.538961038961039,0.317357840597898,1,2.95751106073379,0.107305715542838,0.201298701298701,1.99515989177006,0.40162309509657
"387","17",17,18,61,171,308,479,1,203,0.340909090909091,0.45802743819902,1,2.95751106073379,0.154869222394515,0.198051948051948,1.99515989177006,0.395145303240174
"388","17",17,19,47,171,308,479,1,250,0.188311688311688,0.593517339611104,1,2.95751106073379,0.200681359231788,0.152597402597403,1.99515989177006,0.304456217250625
"389","17",17,20,42,171,308,479,1,292,0.051948051948052,1.28785428830664,1,2.95751106073379,0.435452061500357,0.136363636363636,1.99515989177006,0.272067257968644
"390","17",17,21,16,171,308,479,1,308,0,0,1,2.95751106073379,0,0.051948051948052,1.99515989177006,0.103644669702341
"391","17",17,22,0,0,308,479,1,308,0,0,1,2.95751106073379,0,0,1.99515989177006,0
"392","18",18,0,0,0,364,479,1,0,1,0,1,4.28771595520264,0,0,2.74082735175543,0
"393","18",18,1,0,0,364,479,1,0,1,0,1,4.28771595520264,0,0,2.74082735175543,0
"394","18",18,2,0,0,364,479,1,0,1,0,1,4.28771595520264,0,0,2.74082735175543,0
"395","18",18,3,0,0,364,479,1,0,1,0,1,4.28771595520264,0,0,2.74082735175543,0
"396","18",18,4,0,0,364,479,1,0,1,0,1,4.28771595520264,0,0,2.74082735175543,0
"397","18",18,5,0,0,364,479,1,0,1,0,1,4.28771595520264,0,0,2.74082735175543,0
"398","18",18,6,0,0,364,479,1,0,1,0,1,4.28771595520264,0,0,2.74082735175543,0
"399","18",18,7,0,0,364,479,1,0,1,0,1,4.28771595520264,0,0,2.74082735175543,0
"400","18",18,8,0,0,364,479,1,0,1,0,1,4.28771595520264,0,0,2.74082735175543,0
"401","18",18,9,0,0,364,479,1,0,1,0,1,4.28771595520264,0,0,2.74082735175543,0
"402","18",18,10,0,0,364,479,1,0,1,0,1,4.28771595520264,0,0,2.74082735175543,0
"403","18",18,11,0,0,364,479,1,0,1,0,1,4.28771595520264,0,0,2.74082735175543,0
"404","18",18,12,0,0,364,479,1,0,1,0,1,4.28771595520264,0,0,2.74082735175543,0
"405","18",18,13,0,0,364,479,1,0,1,0,1,4.28771595520264,0,0,2.74082735175543,0
"406","18",18,14,0,0,364,479,1,0,1,0,1,4.28771595520264,0,0,2.74082735175543,0
"407","18",18,15,0,0,364,479,1,0,1,0,1,4.28771595520264,0,0,2.74082735175543,0
"408","18",18,16,94,115,364,479,1,94,0.741758241758242,0.298731908638366,1,4.28771595520264,0.0696715714752256,0.258241758241758,2.74082735175543,0.707796074354424
"409","18",18,17,4,115,364,479,1,98,0.730769230769231,0.0149256502166758,1,4.28771595520264,0.00348102588245503,0.010989010989011,2.74082735175543,0.0301189818874223
"410","18",18,18,80,115,364,479,1,178,0.510989010989011,0.357749635068498,1,4.28771595520264,0.0834359455724698,0.21978021978022,2.74082735175543,0.602379637748446
"411","18",18,19,143,115,364,479,1,321,0.118131868131868,1.46454655801964,1,4.28771595520264,0.341567998748281,0.392857142857143,2.74082735175543,1.07675360247535
"412","18",18,20,38,115,364,479,1,359,0.0137362637362637,2.15176220325946,1,4.28771595520264,0.501843458321569,0.104395604395604,2.74082735175543,0.286130327930512
"413","18",18,21,5,115,364,479,1,364,0,0,1,4.28771595520264,0,0.0137362637362637,2.74082735175543,0.0376487273592779
"414","18",18,22,0,0,364,479,1,364,0,0,1,4.28771595520264,0,0,2.74082735175543,0
"415","19",19,0,0,0,340,479,1,0,1,0,1,2.99573227355399,0,0,2.38680075515301,0
"416","19",19,1,0,0,340,479,1,0,1,0,1,2.99573227355399,0,0,2.38680075515301,0
"417","19",19,2,0,0,340,479,1,0,1,0,1,2.99573227355399,0,0,2.38680075515301,0
"418","19",19,3,0,0,340,479,1,0,1,0,1,2.99573227355399,0,0,2.38680075515301,0
"419","19",19,4,0,0,340,479,1,0,1,0,1,2.99573227355399,0,0,2.38680075515301,0
"420","19",19,5,0,0,340,479,1,0,1,0,1,2.99573227355399,0,0,2.38680075515301,0
"421","19",19,6,0,0,340,479,1,0,1,0,1,2.99573227355399,0,0,2.38680075515301,0
"422","19",19,7,0,0,340,479,1,0,1,0,1,2.99573227355399,0,0,2.38680075515301,0
"423","19",19,8,0,0,340,479,1,0,1,0,1,2.99573227355399,0,0,2.38680075515301,0
"424","19",19,9,0,0,340,479,1,0,1,0,1,2.99573227355399,0,0,2.38680075515301,0
"425","19",19,10,0,0,340,479,1,0,1,0,1,2.99573227355399,0,0,2.38680075515301,0
"426","19",19,11,0,0,340,479,1,0,1,0,1,2.99573227355399,0,0,2.38680075515301,0
"427","19",19,12,0,0,340,479,1,0,1,0,1,2.99573227355399,0,0,2.38680075515301,0
"428","19",19,13,0,0,340,479,1,0,1,0,1,2.99573227355399,0,0,2.38680075515301,0
"429","19",19,14,0,0,340,479,1,0,1,0,1,2.99573227355399,0,0,2.38680075515301,0
"430","19",19,15,21,139,340,479,1,21,0.938235294117647,0.0637545148253625,1,2.99573227355399,0.0212817798800583,0.0617647058823529,2.38680075515301,0.147420046641804
"431","19",19,16,16,139,340,479,1,37,0.891176470588235,0.0514582972754754,1,2.99573227355399,0.0171772016243721,0.0470588235294118,2.38680075515301,0.112320035536612
"432","19",19,17,34,139,340,479,1,71,0.791176470588235,0.11902142590753,1,2.99573227355399,0.0397303280263857,0.1,2.38680075515301,0.238680075515301
"433","19",19,18,59,139,340,479,1,130,0.617647058823529,0.24760384888437,1,2.99573227355399,0.0826521952813311,0.173529411764706,2.38680075515301,0.414180131041258
"434","19",19,19,121,139,340,479,1,251,0.261764705882353,0.858471160985329,1,2.99573227355399,0.286564713597347,0.355882352941176,2.38680075515301,0.849420268745631
"435","19",19,20,72,139,340,479,1,323,0.05,1.65542302567592,1,2.99573227355399,0.552593781590506,0.211764705882353,2.38680075515301,0.505440159914756
"436","19",19,21,17,139,340,479,1,340,0,0,1,2.99573227355399,0,0.05,2.38680075515301,0.119340037757651
"437","19",19,22,0,0,340,479,1,340,0,0,1,2.99573227355399,0,0,2.38680075515301,0
"438","20",20,0,0,0,366,478,1,0,1,0,1,2.64453679537988,0,0,2.7859634888625,0
"439","20",20,1,0,0,366,478,1,0,1,0,1,2.64453679537988,0,0,2.7859634888625,0
"440","20",20,2,0,0,366,478,1,0,1,0,1,2.64453679537988,0,0,2.7859634888625,0
"441","20",20,3,0,0,366,478,1,0,1,0,1,2.64453679537988,0,0,2.7859634888625,0
"442","20",20,4,0,0,366,478,1,0,1,0,1,2.64453679537988,0,0,2.7859634888625,0
"443","20",20,5,0,0,366,478,1,0,1,0,1,2.64453679537988,0,0,2.7859634888625,0
"444","20",20,6,0,0,366,478,1,0,1,0,1,2.64453679537988,0,0,2.7859634888625,0
"445","20",20,7,0,0,366,478,1,0,1,0,1,2.64453679537988,0,0,2.7859634888625,0
"446","20",20,8,0,0,366,478,1,0,1,0,1,2.64453679537988,0,0,2.7859634888625,0
"447","20",20,9,0,0,366,478,1,0,1,0,1,2.64453679537988,0,0,2.7859634888625,0
"448","20",20,10,0,0,366,478,1,0,1,0,1,2.64453679537988,0,0,2.7859634888625,0
"449","20",20,11,0,0,366,478,1,0,1,0,1,2.64453679537988,0,0,2.7859634888625,0
"450","20",20,12,0,0,366,478,1,0,1,0,1,2.64453679537988,0,0,2.7859634888625,0
"451","20",20,13,0,0,366,478,1,0,1,0,1,2.64453679537988,0,0,2.7859634888625,0
"452","20",20,14,0,0,366,478,1,0,1,0,1,2.64453679537988,0,0,2.7859634888625,0
"453","20",20,15,37,112,366,478,1,37,0.898907103825137,0.106575582635994,1,2.64453679537988,0.0403002835211771,0.101092896174863,2.7859634888625,0.281641117726537
"454","20",20,16,3,112,366,478,1,40,0.890710382513661,0.0091603693986642,1,2.64453679537988,0.00346388426686584,0.00819672131147541,2.7859634888625,0.0228357663021517
"455","20",20,17,42,112,366,478,1,82,0.775956284153005,0.137923143205502,1,2.64453679537988,0.0521539891017811,0.114754098360656,2.7859634888625,0.319700728230123
"456","20",20,18,61,112,366,478,1,143,0.609289617486339,0.241802466701087,1,2.64453679537988,0.0914347144360124,0.166666666666667,2.7859634888625,0.46432724814375
"457","20",20,19,150,112,366,478,1,293,0.199453551912568,1.11671233031173,1,2.64453679537988,0.422271428502213,0.409836065573771,2.7859634888625,1.14178831510758
"458","20",20,20,47,112,366,478,1,340,0.0710382513661202,1.03236290312691,1,2.64453679537988,0.390375700171951,0.128415300546448,2.7859634888625,0.357760338733709
"459","20",20,21,26,112,366,478,1,366,0,0,1,2.64453679537988,0,0.0710382513661202,2.7859634888625,0.197909974618648
"460","20",20,22,0,0,366,478,1,366,0,0,1,2.64453679537988,0,0,2.7859634888625,0
"461","21",21,0,0,0,352,401,1,0,1,0,1,2.86789890204411,0,0,3.95706385215102,0
"462","21",21,1,0,0,352,401,1,0,1,0,1,2.86789890204411,0,0,3.95706385215102,0
"463","21",21,2,0,0,352,401,1,0,1,0,1,2.86789890204411,0,0,3.95706385215102,0
"464","21",21,3,0,0,352,401,1,0,1,0,1,2.86789890204411,0,0,3.95706385215102,0
"465","21",21,4,0,0,352,401,1,0,1,0,1,2.86789890204411,0,0,3.95706385215102,0
"466","21",21,5,0,0,352,401,1,0,1,0,1,2.86789890204411,0,0,3.95706385215102,0
"467","21",21,6,0,0,352,401,1,0,1,0,1,2.86789890204411,0,0,3.95706385215102,0
"468","21",21,7,0,0,352,401,1,0,1,0,1,2.86789890204411,0,0,3.95706385215102,0
"469","21",21,8,0,0,352,401,1,0,1,0,1,2.86789890204411,0,0,3.95706385215102,0
"470","21",21,9,0,0,352,401,1,0,1,0,1,2.86789890204411,0,0,3.95706385215102,0
"471","21",21,10,0,0,352,401,1,0,1,0,1,2.86789890204411,0,0,3.95706385215102,0
"472","21",21,11,0,0,352,401,1,0,1,0,1,2.86789890204411,0,0,3.95706385215102,0
"473","21",21,12,4,49,352,401,1,4,0.988636363636364,0.0114286958236228,1,2.86789890204411,0.00398504138882894,0.0113636363636364,3.95706385215102,0.0449666346835343
"474","21",21,13,15,49,352,401,1,19,0.946022727272727,0.0440599897940305,1,2.86789890204411,0.0153631600342071,0.0426136363636364,3.95706385215102,0.168624880063254
"475","21",21,14,21,49,352,401,1,40,0.886363636363636,0.0651393021709614,1,2.86789890204411,0.022713249105306,0.0596590909090909,3.95706385215102,0.236074832088555
"476","21",21,15,17,49,352,401,1,57,0.838068181818182,0.0560278314696625,1,2.86789890204411,0.0195361947486114,0.0482954545454545,3.95706385215102,0.191108197405021
"477","21",21,16,62,49,352,401,1,119,0.661931818181818,0.235936902774119,1,2.86789890204411,0.0822682077830408,0.176136363636364,3.95706385215102,0.696982837594782
"478","21",21,17,50,49,352,401,1,169,0.519886363636364,0.24155230072428,1,2.86789890204411,0.0842262258798985,0.142045454545455,3.95706385215102,0.562082933544179
"479","21",21,18,47,49,352,401,1,216,0.386363636363636,0.296831267105369,1,2.86789890204411,0.103501300863082,0.133522727272727,3.95706385215102,0.528357957531528
"480","21",21,19,40,49,352,401,1,256,0.272727272727273,0.348306694268216,1,2.86789890204411,0.121450129926114,0.113636363636364,3.95706385215102,0.449666346835343
"481","21",21,20,76,49,352,401,1,332,0.0568181818181818,1.56861591791385,1,2.86789890204411,0.546956490270912,0.215909090909091,3.95706385215102,0.854366058987152
"482","21",21,21,20,49,352,401,1,352,0,0,1,2.86789890204411,0,0.0568181818181818,3.95706385215102,0.224833173417672
"483","21",21,22,0,0,352,401,1,352,0,0,1,2.86789890204411,0,0,3.95706385215102,0
"484","22",22,0,0,0,339,401,1,0,1,0,1,2.6905058914513,0,0,3.54276976628432,0
"485","22",22,1,0,0,339,401,1,0,1,0,1,2.6905058914513,0,0,3.54276976628432,0
"486","22",22,2,0,0,339,401,1,0,1,0,1,2.6905058914513,0,0,3.54276976628432,0
"487","22",22,3,0,0,339,401,1,0,1,0,1,2.6905058914513,0,0,3.54276976628432,0
"488","22",22,4,0,0,339,401,1,0,1,0,1,2.6905058914513,0,0,3.54276976628432,0
"489","22",22,5,0,0,339,401,1,0,1,0,1,2.6905058914513,0,0,3.54276976628432,0
"490","22",22,6,0,0,339,401,1,0,1,0,1,2.6905058914513,0,0,3.54276976628432,0
"491","22",22,7,0,0,339,401,1,0,1,0,1,2.6905058914513,0,0,3.54276976628432,0
"492","22",22,8,0,0,339,401,1,0,1,0,1,2.6905058914513,0,0,3.54276976628432,0
"493","22",22,9,0,0,339,401,1,0,1,0,1,2.6905058914513,0,0,3.54276976628432,0
"494","22",22,10,0,0,339,401,1,0,1,0,1,2.6905058914513,0,0,3.54276976628432,0
"495","22",22,11,0,0,339,401,1,0,1,0,1,2.6905058914513,0,0,3.54276976628432,0
"496","22",22,12,0,0,339,401,1,0,1,0,1,2.6905058914513,0,0,3.54276976628432,0
"497","22",22,13,0,0,339,401,1,0,1,0,1,2.6905058914513,0,0,3.54276976628432,0
"498","22",22,14,35,62,339,401,1,35,0.896755162241888,0.108972405974229,1,2.6905058914513,0.0405025710296613,0.103244837758112,3.54276976628432,0.365772689734369
"499","22",22,15,25,62,339,401,1,60,0.823008849557522,0.0858159195848561,1,2.6905058914513,0.0318958303929101,0.0737463126843658,3.54276976628432,0.261266206953121
"500","22",22,16,9,62,339,401,1,69,0.79646017699115,0.0327898228229908,1,2.6905058914513,0.0121872332363872,0.0265486725663717,3.54276976628432,0.0940558345031235
"501","22",22,17,39,62,339,401,1,108,0.68141592920354,0.156004248476581,1,2.6905058914513,0.0579832398703391,0.115044247787611,3.54276976628432,0.407575282846868
"502","22",22,18,22,62,339,401,1,130,0.616519174041298,0.100083458556982,1,2.6905058914513,0.0371987509393618,0.0648967551622419,3.54276976628432,0.229914262118746
"503","22",22,19,136,62,339,401,1,266,0.215339233038348,1.05187481081642,1,2.6905058914513,0.390958003161637,0.40117994100295,3.54276976628432,1.42128816582498
"504","22",22,20,50,62,339,401,1,316,0.0678466076696165,1.15496522521924,1,2.6905058914513,0.429274371369704,0.147492625368732,3.54276976628432,0.522532413906242
"505","22",22,21,23,62,339,401,1,339,0,0,1,2.6905058914513,0,0.0678466076696165,3.54276976628432,0.240364910396871
"506","22",22,22,0,0,339,401,1,339,0,0,1,2.6905058914513,0,0,3.54276976628432,0
"507","23",23,0,0,0,392,400,1,0,1,0,1,4.58496747867057,0,0,6.54300706517026,0
"508","23",23,1,0,0,392,400,1,0,1,0,1,4.58496747867057,0,0,6.54300706517026,0
"509","23",23,2,0,0,392,400,1,0,1,0,1,4.58496747867057,0,0,6.54300706517026,0
"510","23",23,3,0,0,392,400,1,0,1,0,1,4.58496747867057,0,0,6.54300706517026,0
"511","23",23,4,0,0,392,400,1,0,1,0,1,4.58496747867057,0,0,6.54300706517026,0
"512","23",23,5,0,0,392,400,1,0,1,0,1,4.58496747867057,0,0,6.54300706517026,0
"513","23",23,6,0,0,392,400,1,0,1,0,1,4.58496747867057,0,0,6.54300706517026,0
"514","23",23,7,0,0,392,400,1,0,1,0,1,4.58496747867057,0,0,6.54300706517026,0
"515","23",23,8,0,0,392,400,1,0,1,0,1,4.58496747867057,0,0,6.54300706517026,0
"516","23",23,9,50,8,392,400,1,50,0.872448979591837,0.136451102727857,1,4.58496747867057,0.0297605388397263,0.127551020408163,6.54300706517026,0.834567227700288
"517","23",23,10,1,8,392,400,1,51,0.869897959183674,0.00292825977908836,1,4.58496747867057,0.000638665332461075,0.00255102040816327,6.54300706517026,0.0166913445540058
"518","23",23,11,33,8,392,400,1,84,0.785714285714286,0.101782694309942,1,4.58496747867057,0.022199218376889,0.0841836734693878,6.54300706517026,0.55081437028219
"519","23",23,12,22,8,392,400,1,106,0.729591836734694,0.0741079721537218,1,4.58496747867057,0.0161632492484352,0.0561224489795918,6.54300706517026,0.367209580188127
"520","23",23,13,17,8,392,400,1,123,0.686224489795918,0.0612804312180136,1,4.58496747867057,0.0133655105522759,0.0433673469387755,6.54300706517026,0.283752857418098
"521","23",23,14,78,8,392,400,1,201,0.487244897959184,0.342437951555209,1,4.58496747867057,0.0746871058842276,0.198979591836735,6.54300706517026,1.30192487521245
"522","23",23,15,29,8,392,400,1,230,0.413265306122449,0.164677092814246,1,4.58496747867057,0.0359167417392444,0.0739795918367347,6.54300706517026,0.484048992066167
"523","23",23,16,37,8,392,400,1,267,0.318877551020408,0.259282597930083,1,4.58496747867057,0.0565505860480526,0.0943877551020408,6.54300706517026,0.617579748498213
"524","23",23,17,32,8,392,400,1,299,0.237244897959184,0.295714244149045,1,4.58496747867057,0.0644964758255578,0.0816326530612245,6.54300706517026,0.534123025728184
"525","23",23,18,62,8,392,400,1,361,0.0790816326530612,1.09861228866811,1,4.58496747867057,0.239611795237129,0.158163265306122,6.54300706517026,1.03486336234836
"526","23",23,19,27,8,392,400,1,388,0.0102040816326531,2.04769284336526,1,4.58496747867057,0.446610112916001,0.0688775510204082,6.54300706517026,0.450666302958155
"527","23",23,20,4,8,392,400,1,392,0,0,1,4.58496747867057,0,0.0102040816326531,6.54300706517026,0.066765378216023
"528","23",23,21,0,0,392,400,1,392,0,0,1,4.58496747867057,0,0,6.54300706517026,0
"529","23",23,22,0,0,392,400,1,392,0,0,1,4.58496747867057,0,0,6.54300706517026,0
"530","24",24,0,0,0,371,401,1,0,1,0,1,3.43129541281943,0,0,4.7771933761254,0
"531","24",24,1,0,0,371,401,1,0,1,0,1,3.43129541281943,0,0,4.7771933761254,0
"532","24",24,2,0,0,371,401,1,0,1,0,1,3.43129541281943,0,0,4.7771933761254,0
"533","24",24,3,0,0,371,401,1,0,1,0,1,3.43129541281943,0,0,4.7771933761254,0
"534","24",24,4,0,0,371,401,1,0,1,0,1,3.43129541281943,0,0,4.7771933761254,0
"535","24",24,5,0,0,371,401,1,0,1,0,1,3.43129541281943,0,0,4.7771933761254,0
"536","24",24,6,0,0,371,401,1,0,1,0,1,3.43129541281943,0,0,4.7771933761254,0
"537","24",24,7,0,0,371,401,1,0,1,0,1,3.43129541281943,0,0,4.7771933761254,0
"538","24",24,8,0,0,371,401,1,0,1,0,1,3.43129541281943,0,0,4.7771933761254,0
"539","24",24,9,0,0,371,401,1,0,1,0,1,3.43129541281943,0,0,4.7771933761254,0
"540","24",24,10,0,0,371,401,1,0,1,0,1,3.43129541281943,0,0,4.7771933761254,0
"541","24",24,11,24,30,371,401,1,24,0.935309973045822,0.066877282660576,1,3.43129541281943,0.0194903890847522,0.0646900269541779,4.7771933761254,0.309036768266872
"542","24",24,12,3,30,371,401,1,27,0.92722371967655,0.00868312257346086,1,3.43129541281943,0.0025305668934888,0.00808625336927224,4.7771933761254,0.038629596033359
"543","24",24,13,28,30,371,401,1,55,0.851752021563342,0.0848994437864863,1,3.43129541281943,0.0247426798256131,0.0754716981132075,4.7771933761254,0.360542896311351
"544","24",24,14,82,30,371,401,1,137,0.630727762803235,0.300421098229211,1,3.43129541281943,0.0875532596543065,0.221024258760108,4.7771933761254,1.05587562491181
"545","24",24,15,27,30,371,401,1,164,0.557951482479784,0.122602322092332,1,3.43129541281943,0.0357306227946117,0.0727762803234501,4.7771933761254,0.347666364300231
"546","24",24,16,67,30,371,401,1,231,0.377358490566038,0.391076370656065,1,3.43129541281943,0.113973390106544,0.180592991913747,4.7771933761254,0.862727644745019
"547","24",24,17,17,30,371,401,1,248,0.331536388140162,0.129458067236887,1,3.43129541281943,0.0377286277227041,0.045822102425876,4.7771933761254,0.218901044189035
"548","24",24,18,46,30,371,401,1,294,0.207547169811321,0.468378933518734,1,3.43129541281943,0.136502072007223,0.123989218328841,4.7771933761254,0.592320472511505
"549","24",24,19,54,30,371,401,1,348,0.0619946091644205,1.20831120592453,1,3.43129541281943,0.352144324679899,0.1455525606469,4.7771933761254,0.695332728600463
"550","24",24,20,11,30,371,401,1,359,0.032345013477089,0.650587566141149,1,3.43129541281943,0.189604067230858,0.0296495956873315,4.7771933761254,0.141641852122316
"551","24",24,21,12,30,371,401,1,371,0,0,1,3.43129541281943,0,0.032345013477089,4.7771933761254,0.154518384133436
"552","24",24,22,0,0,371,401,1,371,0,0,1,3.43129541281943,0,0,4.7771933761254,0
"553","25",25,0,0,0,300,401,1,0,1,0,1,3.91202300542815,0,0,2.65173257381046,0
"554","25",25,1,0,0,300,401,1,0,1,0,1,3.91202300542815,0,0,2.65173257381046,0
"555","25",25,2,0,0,300,401,1,0,1,0,1,3.91202300542815,0,0,2.65173257381046,0
"556","25",25,3,0,0,300,401,1,0,1,0,1,3.91202300542815,0,0,2.65173257381046,0
"557","25",25,4,0,0,300,401,1,0,1,0,1,3.91202300542815,0,0,2.65173257381046,0
"558","25",25,5,0,0,300,401,1,0,1,0,1,3.91202300542815,0,0,2.65173257381046,0
"559","25",25,6,0,0,300,401,1,0,1,0,1,3.91202300542815,0,0,2.65173257381046,0
"560","25",25,7,0,0,300,401,1,0,1,0,1,3.91202300542815,0,0,2.65173257381046,0
"561","25",25,8,0,0,300,401,1,0,1,0,1,3.91202300542815,0,0,2.65173257381046,0
"562","25",25,9,0,0,300,401,1,0,1,0,1,3.91202300542815,0,0,2.65173257381046,0
"563","25",25,10,0,0,300,401,1,0,1,0,1,3.91202300542815,0,0,2.65173257381046,0
"564","25",25,11,0,0,300,401,1,0,1,0,1,3.91202300542815,0,0,2.65173257381046,0
"565","25",25,12,0,0,300,401,1,0,1,0,1,3.91202300542815,0,0,2.65173257381046,0
"566","25",25,13,0,0,300,401,1,0,1,0,1,3.91202300542815,0,0,2.65173257381046,0
"567","25",25,14,22,101,300,401,1,22,0.926666666666667,0.0761613609655639,1,3.91202300542815,0.0194685360643038,0.0733333333333333,2.65173257381046,0.194460388746101
"568","25",25,15,0,0,300,401,1,22,0.926666666666667,0,1,3.91202300542815,0,0,2.65173257381046,0
"569","25",25,16,68,101,300,401,1,90,0.7,0.280513582973168,1,3.91202300542815,0.0717055044369474,0.226666666666667,2.65173257381046,0.601059383397038
"570","25",25,17,32,101,300,401,1,122,0.593333333333333,0.165323980425383,1,3.91202300542815,0.0422604826699606,0.106666666666667,2.65173257381046,0.282851474539783
"571","25",25,18,67,101,300,401,1,189,0.37,0.472253348979751,1,3.91202300542815,0.120718448824169,0.223333333333333,2.65173257381046,0.59222027481767
"572","25",25,19,36,101,300,401,1,225,0.25,0.392042087776024,1,3.91202300542815,0.100214668275735,0.12,2.65173257381046,0.318207908857256
"573","25",25,20,69,101,300,401,1,294,0.02,2.52572864430826,1,3.91202300542815,0.645632359728884,0.23,2.65173257381046,0.609898491976406
"574","25",25,21,6,101,300,401,1,300,0,0,1,3.91202300542815,0,0.02,2.65173257381046,0.0530346514762093
"575","25",25,22,0,0,300,401,1,300,0,0,1,3.91202300542815,0,0,2.65173257381046,0
"576","26",26,0,0,0,395,400,1,0,1,0,1,4.03297561584581,0,0,6.97438044144902,0
"577","26",26,1,0,0,395,400,1,0,1,0,1,4.03297561584581,0,0,6.97438044144902,0
"578","26",26,2,0,0,395,400,1,0,1,0,1,4.03297561584581,0,0,6.97438044144902,0
"579","26",26,3,0,0,395,400,1,0,1,0,1,4.03297561584581,0,0,6.97438044144902,0
"580","26",26,4,0,0,395,400,1,0,1,0,1,4.03297561584581,0,0,6.97438044144902,0
"581","26",26,5,0,0,395,400,1,0,1,0,1,4.03297561584581,0,0,6.97438044144902,0
"582","26",26,6,0,0,395,400,1,0,1,0,1,4.03297561584581,0,0,6.97438044144902,0
"583","26",26,7,0,0,395,400,1,0,1,0,1,4.03297561584581,0,0,6.97438044144902,0
"584","26",26,8,0,0,395,400,1,0,1,0,1,4.03297561584581,0,0,6.97438044144902,0
"585","26",26,9,0,0,395,400,1,0,1,0,1,4.03297561584581,0,0,6.97438044144902,0
"586","26",26,10,23,5,395,400,1,23,0.941772151898734,0.0599919106279753,1,4.03297561584581,0.0148753467271816,0.0582278481012658,6.97438044144902,0.406103164945133
"587","26",26,11,30,5,395,400,1,53,0.865822784810127,0.0840831172105414,1,4.03297561584581,0.020848902949022,0.0759493670886076,6.97438044144902,0.529699780363217
"588","26",26,12,16,5,395,400,1,69,0.825316455696202,0.0479133556958974,1,4.03297561584581,0.0118803980633166,0.0405063291139241,6.97438044144902,0.282506549527049
"589","26",26,13,4,5,395,400,1,73,0.815189873417722,0.0123458358222994,1,4.03297561584581,0.00306122253102444,0.010126582278481,6.97438044144902,0.0706266373817623
"590","26",26,14,28,5,395,400,1,101,0.744303797468354,0.0909717782057268,1,4.03297561584581,0.0225569869176231,0.0708860759493671,6.97438044144902,0.494386461672336
"591","26",26,15,66,5,395,400,1,167,0.577215189873418,0.254234138384241,1,4.03297561584581,0.0630388483841408,0.167088607594937,6.97438044144902,1.16533951679908
"592","26",26,16,101,5,395,400,1,268,0.321518987341772,0.585158542495849,1,4.03297561584581,0.145093498754797,0.255696202531646,6.97438044144902,1.7833225938895
"593","26",26,17,36,5,395,400,1,304,0.230379746835443,0.333327579941741,1,4.03297561584581,0.0826505319377773,0.0911392405063291,6.97438044144902,0.63563973643586
"594","26",26,18,38,5,395,400,1,342,0.134177215189873,0.540567592964728,1,4.03297561584581,0.134036910821083,0.0962025316455696,6.97438044144902,0.670953055126741
"595","26",26,19,39,5,395,400,1,381,0.0354430379746835,1.33123458393686,1,4.03297561584581,0.330087436855894,0.0987341772151899,6.97438044144902,0.688609714472182
"596","26",26,20,7,5,395,400,1,388,0.0177215189873418,0.693147180559945,1,4.03297561584581,0.17186991605814,0.0177215189873418,6.97438044144902,0.123596615418084
"597","26",26,21,7,5,395,400,1,395,0,0,1,4.03297561584581,0,0.0177215189873418,6.97438044144902,0.123596615418084
"598","26",26,22,0,0,395,400,1,395,0,0,1,4.03297561584581,0,0,6.97438044144902,0
"599","27",27,0,0,0,401,401,1,0,1,0,1,5.99645208861902,0,0,8,0
"600","27",27,1,0,0,401,401,1,0,1,0,1,5.99645208861902,0,0,8,0
"601","27",27,2,0,0,401,401,1,0,1,0,1,5.99645208861902,0,0,8,0
"602","27",27,3,0,0,401,401,1,0,1,0,1,5.99645208861902,0,0,8,0
"603","27",27,4,0,0,401,401,1,0,1,0,1,5.99645208861902,0,0,8,0
"604","27",27,5,0,0,401,401,1,0,1,0,1,5.99645208861902,0,0,8,0
"605","27",27,6,0,0,401,401,1,0,1,0,1,5.99645208861902,0,0,8,0
"606","27",27,7,0,0,401,401,1,0,1,0,1,5.99645208861902,0,0,8,0
"607","27",27,8,0,0,401,401,1,0,1,0,1,5.99645208861902,0,0,8,0
"608","27",27,9,0,0,401,401,1,0,1,0,1,5.99645208861902,0,0,8,0
"609","27",27,10,0,0,401,401,1,0,1,0,1,5.99645208861902,0,0,8,0
"610","27",27,11,0,0,401,401,1,0,1,0,1,5.99645208861902,0,0,8,0
"611","27",27,12,0,0,401,401,1,0,1,0,1,5.99645208861902,0,0,8,0
"612","27",27,13,5,0,401,401,1,5,0.987562189054726,0.0125158079318306,1,5.99645208861902,0.00208720219003917,0.0124688279301746,8,0.0166976175203134
"613","27",27,14,16,0,401,401,1,21,0.947761194029851,0.0411369055604894,1,5.99645208861902,0.00686020749478935,0.0399002493765586,8,0.0548816599583148
"614","27",27,15,16,0,401,401,1,37,0.907960199004975,0.0429020215442093,1,5.99645208861902,0.00715456755264255,0.0399002493765586,8,0.0572365404211404
"615","27",27,16,62,0,401,401,1,99,0.753731343283582,0.186164548073122,1,5.99645208861902,0.031045782626439,0.154613466334165,8,0.248366261011512
"616","27",27,17,144,0,401,401,1,243,0.395522388059701,0.644828603289138,1,5.99645208861902,0.107535021335865,0.359102244389027,8,0.860280170686919
"617","27",27,18,129,0,401,401,1,372,0.0746268656716418,1.66770682055808,1,5.99645208861902,0.278115591671833,0.321695760598504,8,2.22492473337466
"618","27",27,19,26,0,401,401,1,398,0.00995024875621891,2.01490302054226,1,5.99645208861902,0.336015862507507,0.0648379052369077,8,2.68812690006006
"619","27",27,20,3,0,401,401,1,401,0.00248756218905473,1.38629436111989,1,5.99645208861902,0.231185764620885,0.00748129675810474,8,1.84948611696708
"620","27",27,21,0,0,401,401,1,401,0.00248756218905473,0,1,5.99645208861902,0,0,8,0
"621","27",27,22,0,0,401,401,1,401,0.00248756218905473,0,1,5.99645208861902,0,0,8,0
"622","28",28,0,0,0,231,400,1,0,1,0,1,1.38197469997537,0,0,1.67367817557361,0
"623","28",28,1,0,0,231,400,1,0,1,0,1,1.38197469997537,0,0,1.67367817557361,0
"624","28",28,2,0,0,231,400,1,0,1,0,1,1.38197469997537,0,0,1.67367817557361,0
"625","28",28,3,0,0,231,400,1,0,1,0,1,1.38197469997537,0,0,1.67367817557361,0
"626","28",28,4,0,0,231,400,1,0,1,0,1,1.38197469997537,0,0,1.67367817557361,0
"627","28",28,5,0,0,231,400,1,0,1,0,1,1.38197469997537,0,0,1.67367817557361,0
"628","28",28,6,0,0,231,400,1,0,1,0,1,1.38197469997537,0,0,1.67367817557361,0
"629","28",28,7,0,0,231,400,1,0,1,0,1,1.38197469997537,0,0,1.67367817557361,0
"630","28",28,8,0,0,231,400,1,0,1,0,1,1.38197469997537,0,0,1.67367817557361,0
"631","28",28,9,0,0,231,400,1,0,1,0,1,1.38197469997537,0,0,1.67367817557361,0
"632","28",28,10,0,0,231,400,1,0,1,0,1,1.38197469997537,0,0,1.67367817557361,0
"633","28",28,11,0,0,231,400,1,0,1,0,1,1.38197469997537,0,0,1.67367817557361,0
"634","28",28,12,0,0,231,400,1,0,1,0,1,1.38197469997537,0,0,1.67367817557361,0
"635","28",28,13,0,0,231,400,1,0,1,0,1,1.38197469997537,0,0,1.67367817557361,0
"636","28",28,14,0,0,231,400,1,0,1,0,1,1.38197469997537,0,0,1.67367817557361,0
"637","28",28,15,2,169,231,400,1,2,0.991341991341991,0.00869570696755391,1,1.38197469997537,0.00629223311230579,0.00865800865800866,1.67367817557361,0.0144907201348364
"638","28",28,16,19,169,231,400,1,21,0.909090909090909,0.0866144728367709,1,1.38197469997537,0.0626744272802637,0.0822510822510823,1.67367817557361,0.137661841280946
"639","28",28,17,67,169,231,400,1,88,0.619047619047619,0.384262900457561,1,1.38197469997537,0.278053498710511,0.29004329004329,1.67367817557361,0.48543912451702
"640","28",28,18,64,169,231,400,1,152,0.341991341991342,0.593396777792886,1,1.38197469997537,0.429383242546669,0.277056277056277,1.67367817557361,0.463703044314766
"641","28",28,19,21,169,231,400,1,173,0.251082251082251,0.309004841920602,1,1.38197469997537,0.223596598350251,0.0909090909090909,1.67367817557361,0.152152561415783
"642","28",28,20,58,169,231,400,1,231,0,0,1,1.38197469997537,0,0.251082251082251,1.67367817557361,0.420230883910256
"643","28",28,21,0,0,231,400,1,231,0,0,1,1.38197469997537,0,0,1.67367817557361,0
"644","28",28,22,0,0,231,400,1,231,0,0,1,1.38197469997537,0,0,1.67367817557361,0
"645","29",29,0,0,0,144,401,1,0,1,0,1,1.44345277495984,0,0,0.869350369555172,0
"646","29",29,1,0,0,144,401,1,0,1,0,1,1.44345277495984,0,0,0.869350369555172,0
"647","29",29,2,0,0,144,401,1,0,1,0,1,1.44345277495984,0,0,0.869350369555172,0
"648","29",29,3,0,0,144,401,1,0,1,0,1,1.44345277495984,0,0,0.869350369555172,0
"649","29",29,4,0,0,144,401,1,0,1,0,1,1.44345277495984,0,0,0.869350369555172,0
"650","29",29,5,0,0,144,401,1,0,1,0,1,1.44345277495984,0,0,0.869350369555172,0
"651","29",29,6,0,0,144,401,1,0,1,0,1,1.44345277495984,0,0,0.869350369555172,0
"652","29",29,7,0,0,144,401,1,0,1,0,1,1.44345277495984,0,0,0.869350369555172,0
"653","29",29,8,0,0,144,401,1,0,1,0,1,1.44345277495984,0,0,0.869350369555172,0
"654","29",29,9,0,0,144,401,1,0,1,0,1,1.44345277495984,0,0,0.869350369555172,0
"655","29",29,10,0,0,144,401,1,0,1,0,1,1.44345277495984,0,0,0.869350369555172,0
"656","29",29,11,0,0,144,401,1,0,1,0,1,1.44345277495984,0,0,0.869350369555172,0
"657","29",29,12,0,0,144,401,1,0,1,0,1,1.44345277495984,0,0,0.869350369555172,0
"658","29",29,13,0,0,144,401,1,0,1,0,1,1.44345277495984,0,0,0.869350369555172,0
"659","29",29,14,0,0,144,401,1,0,1,0,1,1.44345277495984,0,0,0.869350369555172,0
"660","29",29,15,0,0,144,401,1,0,1,0,1,1.44345277495984,0,0,0.869350369555172,0
"661","29",29,16,33,257,144,401,1,33,0.770833333333333,0.260283098263666,1,1.44345277495984,0.180319787927186,0.229166666666667,0.869350369555172,0.199226126356393
"662","29",29,17,30,257,144,401,1,63,0.5625,0.315081046639895,1,1.44345277495984,0.218282892316073,0.208333333333333,0.869350369555172,0.181114660323994
"663","29",29,18,26,257,144,401,1,89,0.381944444444444,0.387115969439968,1,1.44345277495984,0.268187485005,0.180555555555556,0.869350369555172,0.156966038947462
"664","29",29,19,21,257,144,401,1,110,0.236111111111111,0.48097266061631,1,1.44345277495984,0.333209834751741,0.145833333333333,0.869350369555172,0.126780262226796
"665","29",29,20,34,257,144,401,1,144,0,0,1,1.44345277495984,0,0.236111111111111,0.869350369555172,0.205263281700527
"666","29",29,21,0,0,144,401,1,144,0,0,1,1.44345277495984,0,0,0.869350369555172,0
"667","29",29,22,0,0,144,401,1,144,0,0,1,1.44345277495984,0,0,0.869350369555172,0
"668","30",30,0,0,0,291,400,1,0,1,0,1,4.06388535473739,0,0,2.50475369505845,0
"669","30",30,1,0,0,291,400,1,0,1,0,1,4.06388535473739,0,0,2.50475369505845,0
"670","30",30,2,0,0,291,400,1,0,1,0,1,4.06388535473739,0,0,2.50475369505845,0
"671","30",30,3,0,0,291,400,1,0,1,0,1,4.06388535473739,0,0,2.50475369505845,0
"672","30",30,4,0,0,291,400,1,0,1,0,1,4.06388535473739,0,0,2.50475369505845,0
"673","30",30,5,0,0,291,400,1,0,1,0,1,4.06388535473739,0,0,2.50475369505845,0
"674","30",30,6,0,0,291,400,1,0,1,0,1,4.06388535473739,0,0,2.50475369505845,0
"675","30",30,7,0,0,291,400,1,0,1,0,1,4.06388535473739,0,0,2.50475369505845,0
"676","30",30,8,0,0,291,400,1,0,1,0,1,4.06388535473739,0,0,2.50475369505845,0
"677","30",30,9,0,0,291,400,1,0,1,0,1,4.06388535473739,0,0,2.50475369505845,0
"678","30",30,10,0,0,291,400,1,0,1,0,1,4.06388535473739,0,0,2.50475369505845,0
"679","30",30,11,0,0,291,400,1,0,1,0,1,4.06388535473739,0,0,2.50475369505845,0
"680","30",30,12,0,0,291,400,1,0,1,0,1,4.06388535473739,0,0,2.50475369505845,0
"681","30",30,13,0,0,291,400,1,0,1,0,1,4.06388535473739,0,0,2.50475369505845,0
"682","30",30,14,0,0,291,400,1,0,1,0,1,4.06388535473739,0,0,2.50475369505845,0
"683","30",30,15,0,0,291,400,1,0,1,0,1,4.06388535473739,0,0,2.50475369505845,0
"684","30",30,16,62,109,291,400,1,62,0.786941580756014,0.239601263617253,1,4.06388535473739,0.0589586670642523,0.213058419243986,2.50475369505845,0.533658862864687
"685","30",30,17,86,109,291,400,1,148,0.491408934707904,0.470877373294332,1,4.06388535473739,0.115868764050004,0.29553264604811,2.50475369505845,0.740236487199404
"686","30",30,18,16,109,291,400,1,164,0.436426116838488,0.118657543801316,1,4.06388535473739,0.0291980539418991,0.0549828178694158,2.50475369505845,0.137718416223145
"687","30",30,19,81,109,291,400,1,245,0.15807560137457,1.0155456899695,1,4.06388535473739,0.249895260648936,0.278350515463918,2.50475369505845,0.697199482129671
"688","30",30,20,19,109,291,400,1,264,0.0927835051546392,0.532804530484766,1,4.06388535473739,0.13110717551706,0.0652920962199313,2.50475369505845,0.163540619264985
"689","30",30,21,22,109,291,400,1,286,0.0171821305841924,1.68639895357023,1,4.06388535473739,0.414972078777848,0.0756013745704467,2.50475369505845,0.189362822306824
"690","30",30,22,5,109,291,400,1,291,0,0,1,4.06388535473739,0,0.0171821305841924,2.50475369505845,0.0430370050697328
"691","31",31,0,0,0,511,554,1,0,1,0,1,3.46378086796392,0,0,4.71807055530157,0
"692","31",31,1,0,0,511,554,1,0,1,0,1,3.46378086796392,0,0,4.71807055530157,0
"693","31",31,2,0,0,511,554,1,0,1,0,1,3.46378086796392,0,0,4.71807055530157,0
"694","31",31,3,0,0,511,554,1,0,1,0,1,3.46378086796392,0,0,4.71807055530157,0
"695","31",31,4,0,0,511,554,1,0,1,0,1,3.46378086796392,0,0,4.71807055530157,0
"696","31",31,5,0,0,511,554,1,0,1,0,1,3.46378086796392,0,0,4.71807055530157,0
"697","31",31,6,0,0,511,554,1,0,1,0,1,3.46378086796392,0,0,4.71807055530157,0
"698","31",31,7,0,0,511,554,1,0,1,0,1,3.46378086796392,0,0,4.71807055530157,0
"699","31",31,8,0,0,511,554,1,0,1,0,1,3.46378086796392,0,0,4.71807055530157,0
"700","31",31,9,0,0,511,554,1,0,1,0,1,3.46378086796392,0,0,4.71807055530157,0
"701","31",31,10,0,0,511,554,1,0,1,0,1,3.46378086796392,0,0,4.71807055530157,0
"702","31",31,11,0,0,511,554,1,0,1,0,1,3.46378086796392,0,0,4.71807055530157,0
"703","31",31,12,0,0,511,554,1,0,1,0,1,3.46378086796392,0,0,4.71807055530157,0
"704","31",31,13,0,0,511,554,1,0,1,0,1,3.46378086796392,0,0,4.71807055530157,0
"705","31",31,14,21,43,511,554,1,21,0.958904109589041,0.0419641990990322,1,3.46378086796392,0.0121151425851311,0.0410958904109589,4.71807055530157,0.193893310491845
"706","31",31,15,49,43,511,554,1,70,0.863013698630137,0.105360515657826,1,3.46378086796392,0.0304177774732496,0.0958904109589041,4.71807055530157,0.452417724480973
"707","31",31,16,62,43,511,554,1,132,0.741682974559687,0.15150867036442,1,3.46378086796392,0.0437408358495494,0.12133072407045,4.71807055530157,0.57244691669021
"708","31",31,17,94,43,511,554,1,226,0.557729941291585,0.285047024813776,1,3.46378086796392,0.0822936079617911,0.183953033268102,4.71807055530157,0.867903389820641
"709","31",31,18,126,43,511,554,1,352,0.311154598825832,0.583584978048419,1,3.46378086796392,0.168482072132774,0.246575342465753,4.71807055530157,1.16335986295107
"710","31",31,19,109,43,511,554,1,461,0.0978473581213307,1.15688119679209,1,3.46378086796392,0.333993760255429,0.213307240704501,4.71807055530157,1.00639861160053
"711","31",31,20,23,43,511,554,1,484,0.0528375733855186,0.616186139423817,1,3.46378086796392,0.177894088255653,0.0450097847358121,4.71807055530157,0.212359340062497
"712","31",31,21,11,43,511,554,1,495,0.0313111545988258,0.523248143764548,1,3.46378086796392,0.151062715486423,0.0215264187866928,4.71807055530157,0.101563162638586
"713","31",31,22,16,43,511,554,1,511,0,0,1,3.46378086796392,0,0.0313111545988258,4.71807055530157,0.147728236565216
"714","32",32,0,0,0,472,554,1,0,1,0,1,3.75908371278718,0,0,3.62042822349295,0
"715","32",32,1,0,0,472,554,1,0,1,0,1,3.75908371278718,0,0,3.62042822349295,0
"716","32",32,2,0,0,472,554,1,0,1,0,1,3.75908371278718,0,0,3.62042822349295,0
"717","32",32,3,0,0,472,554,1,0,1,0,1,3.75908371278718,0,0,3.62042822349295,0
"718","32",32,4,0,0,472,554,1,0,1,0,1,3.75908371278718,0,0,3.62042822349295,0
"719","32",32,5,0,0,472,554,1,0,1,0,1,3.75908371278718,0,0,3.62042822349295,0
"720","32",32,6,0,0,472,554,1,0,1,0,1,3.75908371278718,0,0,3.62042822349295,0
"721","32",32,7,0,0,472,554,1,0,1,0,1,3.75908371278718,0,0,3.62042822349295,0
"722","32",32,8,0,0,472,554,1,0,1,0,1,3.75908371278718,0,0,3.62042822349295,0
"723","32",32,9,0,0,472,554,1,0,1,0,1,3.75908371278718,0,0,3.62042822349295,0
"724","32",32,10,0,0,472,554,1,0,1,0,1,3.75908371278718,0,0,3.62042822349295,0
"725","32",32,11,0,0,472,554,1,0,1,0,1,3.75908371278718,0,0,3.62042822349295,0
"726","32",32,12,37,82,472,554,1,37,0.921610169491525,0.0816329544968714,1,3.75908371278718,0.0217161842443632,0.0783898305084746,3.62042822349295,0.28380475480771
"727","32",32,13,28,82,472,554,1,65,0.86228813559322,0.066532845646089,1,3.75908371278718,0.017699218939915,0.0593220338983051,3.62042822349295,0.214771165800429
"728","32",32,14,42,82,472,554,1,107,0.773305084745763,0.108915831860103,1,3.75908371278718,0.0289740373404314,0.0889830508474576,3.62042822349295,0.322156748700644
"729","32",32,15,81,82,472,554,1,188,0.601694915254237,0.250923115421286,1,3.75908371278718,0.0667511379349511,0.171610169491525,3.62042822349295,0.621302301065528
"730","32",32,16,17,82,472,554,1,205,0.565677966101695,0.0617255797609564,1,3.75908371278718,0.0164203791341454,0.0360169491525424,3.62042822349295,0.130396779235975
"731","32",32,17,35,82,472,554,1,240,0.491525423728814,0.14051128673394,1,3.75908371278718,0.0373791321156179,0.0741525423728814,3.62042822349295,0.268463957250537
"732","32",32,18,30,82,472,554,1,270,0.427966101694915,0.138469674265105,1,3.75908371278718,0.0368360177226371,0.0635593220338983,3.62042822349295,0.230111963357603
"733","32",32,19,113,82,472,554,1,383,0.188559322033898,0.819631327669065,1,3.75908371278718,0.218040190188089,0.239406779661017,3.62042822349295,0.866755061980304
"734","32",32,20,78,82,472,554,1,461,0.0233050847457627,2.09074109693377,1,3.75908371278718,0.55618370237985,0.165254237288136,3.62042822349295,0.598291104729768
"735","32",32,21,11,82,472,554,1,472,0,0,1,3.75908371278718,0,0.0233050847457627,3.62042822349295,0.0843743865644544
"736","32",32,22,0,0,472,554,1,472,0,0,1,3.75908371278718,0,0,3.62042822349295,0
"737","33",33,0,0,0,485,554,1,0,1,0,1,4.79785452981759,0,0,3.92391179317631,0
"738","33",33,1,0,0,485,554,1,0,1,0,1,4.79785452981759,0,0,3.92391179317631,0
"739","33",33,2,0,0,485,554,1,0,1,0,1,4.79785452981759,0,0,3.92391179317631,0
"740","33",33,3,0,0,485,554,1,0,1,0,1,4.79785452981759,0,0,3.92391179317631,0
"741","33",33,4,0,0,485,554,1,0,1,0,1,4.79785452981759,0,0,3.92391179317631,0
"742","33",33,5,0,0,485,554,1,0,1,0,1,4.79785452981759,0,0,3.92391179317631,0
"743","33",33,6,0,0,485,554,1,0,1,0,1,4.79785452981759,0,0,3.92391179317631,0
"744","33",33,7,0,0,485,554,1,0,1,0,1,4.79785452981759,0,0,3.92391179317631,0
"745","33",33,8,0,0,485,554,1,0,1,0,1,4.79785452981759,0,0,3.92391179317631,0
"746","33",33,9,0,0,485,554,1,0,1,0,1,4.79785452981759,0,0,3.92391179317631,0
"747","33",33,10,0,0,485,554,1,0,1,0,1,4.79785452981759,0,0,3.92391179317631,0
"748","33",33,11,0,0,485,554,1,0,1,0,1,4.79785452981759,0,0,3.92391179317631,0
"749","33",33,12,0,0,485,554,1,0,1,0,1,4.79785452981759,0,0,3.92391179317631,0
"750","33",33,13,2,69,485,554,1,2,0.995876288659794,0.00413223728491059,1,4.79785452981759,0.000861267731072224,0.00412371134020619,3.92391179317631,0.01618107955949
"751","33",33,14,66,69,485,554,1,68,0.85979381443299,0.146930431853771,1,4.79785452981759,0.0306241948230467,0.136082474226804,3.92391179317631,0.533975625463168
"752","33",33,15,24,69,485,554,1,92,0.810309278350515,0.0592766099295403,1,4.79785452981759,0.0123548160039346,0.0494845360824742,3.92391179317631,0.194172954713879
"753","33",33,16,0,0,485,554,1,92,0.810309278350515,0,1,4.79785452981759,0,0,3.92391179317631,0
"754","33",33,17,96,69,485,554,1,188,0.612371134020619,0.280077473066561,1,4.79785452981759,0.0583755658546841,0.197938144329897,3.92391179317631,0.776691818855518
"755","33",33,18,82,69,485,554,1,270,0.443298969072165,0.323094110675037,1,4.79785452981759,0.0673413728296845,0.169072164948454,3.92391179317631,0.663424261939088
"756","33",33,19,103,69,485,554,1,373,0.230927835051546,0.652139156832568,1,4.79785452981759,0.135923078280025,0.212371134020619,3.92391179317631,0.833325597313733
"757","33",33,20,108,69,485,554,1,481,0.00824742268041237,3.3322045101752,1,4.79785452981759,0.694519704477553,0.222680412371134,3.92391179317631,0.873778296212458
"758","33",33,21,4,69,485,554,1,485,0,0,1,4.79785452981759,0,0.00824742268041237,3.92391179317631,0.0323621591189799
"759","33",33,22,0,0,485,554,1,485,0,0,1,4.79785452981759,0,0,3.92391179317631,0
"760","34",34,0,0,0,497,554,1,0,1,0,1,3.81069475329826,0,0,4.2519049670626,0
"761","34",34,1,0,0,497,554,1,0,1,0,1,3.81069475329826,0,0,4.2519049670626,0
"762","34",34,2,0,0,497,554,1,0,1,0,1,3.81069475329826,0,0,4.2519049670626,0
"763","34",34,3,0,0,497,554,1,0,1,0,1,3.81069475329826,0,0,4.2519049670626,0
"764","34",34,4,0,0,497,554,1,0,1,0,1,3.81069475329826,0,0,4.2519049670626,0
"765","34",34,5,0,0,497,554,1,0,1,0,1,3.81069475329826,0,0,4.2519049670626,0
"766","34",34,6,0,0,497,554,1,0,1,0,1,3.81069475329826,0,0,4.2519049670626,0
"767","34",34,7,0,0,497,554,1,0,1,0,1,3.81069475329826,0,0,4.2519049670626,0
"768","34",34,8,0,0,497,554,1,0,1,0,1,3.81069475329826,0,0,4.2519049670626,0
"769","34",34,9,0,0,497,554,1,0,1,0,1,3.81069475329826,0,0,4.2519049670626,0
"770","34",34,10,0,0,497,554,1,0,1,0,1,3.81069475329826,0,0,4.2519049670626,0
"771","34",34,11,0,0,497,554,1,0,1,0,1,3.81069475329826,0,0,4.2519049670626,0
"772","34",34,12,17,57,497,554,1,17,0.96579476861167,0.0348039221946921,1,3.81069475329826,0.00913322227254449,0.03420523138833,4.2519049670626,0.145437393239566
"773","34",34,13,16,57,497,554,1,33,0.933601609657948,0.0339015516756814,1,3.81069475329826,0.008896422797008,0.0321931589537223,4.2519049670626,0.136882252460768
"774","34",34,14,74,57,497,554,1,107,0.784708249496982,0.173737813102563,1,3.81069475329826,0.0455921621515836,0.148893360160966,4.2519049670626,0.633080417631051
"775","34",34,15,56,57,497,554,1,163,0.672032193158954,0.155005746146992,1,3.81069475329826,0.0406765055145995,0.112676056338028,4.2519049670626,0.479087883612687
"776","34",34,16,30,57,497,554,1,193,0.611670020120724,0.0941132915704786,1,3.81069475329826,0.0246971478072394,0.0603621730382294,4.2519049670626,0.25665422336394
"777","34",34,17,67,57,497,554,1,260,0.476861167002012,0.24896756027109,1,3.81069475329826,0.0653339027104184,0.134808853118712,4.2519049670626,0.573194432179465
"778","34",34,18,115,57,497,554,1,375,0.245472837022133,0.664039096401875,1,3.81069475329826,0.17425670104569,0.231388329979879,4.2519049670626,0.983841189561768
"779","34",34,19,111,57,497,554,1,486,0.0221327967806841,2.40612577193489,1,3.81069475329826,0.631413935700916,0.223340040241449,4.2519049670626,0.949620626446576
"780","34",34,20,11,57,497,554,1,497,0,0,1,3.81069475329826,0,0.0221327967806841,4.2519049670626,0.0941065485667778
"781","34",34,21,0,0,497,554,1,497,0,0,1,3.81069475329826,0,0,4.2519049670626,0
"782","34",34,22,0,0,497,554,1,497,0,0,1,3.81069475329826,0,0,4.2519049670626,0
"783","35",35,0,0,0,539,554,1,0,1,0,1,6.289715570909,0,0,6.20683362586753,0
"784","35",35,1,0,0,539,554,1,0,1,0,1,6.289715570909,0,0,6.20683362586753,0
"785","35",35,2,0,0,539,554,1,0,1,0,1,6.289715570909,0,0,6.20683362586753,0
"786","35",35,3,0,0,539,554,1,0,1,0,1,6.289715570909,0,0,6.20683362586753,0
"787","35",35,4,0,0,539,554,1,0,1,0,1,6.289715570909,0,0,6.20683362586753,0
"788","35",35,5,0,0,539,554,1,0,1,0,1,6.289715570909,0,0,6.20683362586753,0
"789","35",35,6,0,0,539,554,1,0,1,0,1,6.289715570909,0,0,6.20683362586753,0
"790","35",35,7,0,0,539,554,1,0,1,0,1,6.289715570909,0,0,6.20683362586753,0
"791","35",35,8,0,0,539,554,1,0,1,0,1,6.289715570909,0,0,6.20683362586753,0
"792","35",35,9,0,0,539,554,1,0,1,0,1,6.289715570909,0,0,6.20683362586753,0
"793","35",35,10,0,0,539,554,1,0,1,0,1,6.289715570909,0,0,6.20683362586753,0
"794","35",35,11,0,0,539,554,1,0,1,0,1,6.289715570909,0,0,6.20683362586753,0
"795","35",35,12,59,15,539,554,1,59,0.890538033395176,0.115929467007061,1,6.289715570909,0.0184315913335182,0.109461966604824,6.20683362586753,0.679412215076408
"796","35",35,13,29,15,539,554,1,88,0.836734693877551,0.0623187643992582,1,6.289715570909,0.00990804173840437,0.0538033395176252,6.20683362586753,0.333948376901963
"797","35",35,14,19,15,539,554,1,107,0.801484230055659,0.0430417512585682,1,6.289715570909,0.0068431951768445,0.0352504638218924,6.20683362586753,0.218793764177148
"798","35",35,15,22,15,539,554,1,129,0.760667903525046,0.0522684285457567,1,6.289715570909,0.00831014184290098,0.0408163265306122,6.20683362586753,0.253340147994593
"799","35",35,16,104,15,539,554,1,233,0.567717996289425,0.292572057745973,1,6.289715570909,0.0465159440753042,0.192949907235622,6.20683362586753,1.19760797233808
"800","35",35,17,67,15,539,554,1,300,0.443413729128015,0.24712155002087,1,6.289715570909,0.0392897814272953,0.12430426716141,6.20683362586753,0.77153590525626
"801","35",35,18,106,15,539,554,1,406,0.246753246753247,0.586114423709757,1,6.289715570909,0.0931861571643455,0.196660482374768,6.20683362586753,1.22063889488304
"802","35",35,19,92,15,539,554,1,498,0.0760667903525046,1.17677706151745,1,6.289715570909,0.187095433529656,0.170686456400742,6.20683362586753,1.0594224370683
"803","35",35,20,40,15,539,554,1,538,0.00185528756957328,3.71357206670431,1,6.289715570909,0.590419713711731,0.0742115027829314,6.20683362586753,0.46061845089926
"804","35",35,21,1,15,539,554,1,539,0,0,1,6.289715570909,0,0.00185528756957328,6.20683362586753,0.0115154612724815
"805","35",35,22,0,0,539,554,1,539,0,0,1,6.289715570909,0,0,6.20683362586753,0
"806","36",36,0,0,0,479,554,1,0,1,0,1,4.56226268497681,0,0,3.77810329316103,0
"807","36",36,1,0,0,479,554,1,0,1,0,1,4.56226268497681,0,0,3.77810329316103,0
"808","36",36,2,0,0,479,554,1,0,1,0,1,4.56226268497681,0,0,3.77810329316103,0
"809","36",36,3,0,0,479,554,1,0,1,0,1,4.56226268497681,0,0,3.77810329316103,0
"810","36",36,4,0,0,479,554,1,0,1,0,1,4.56226268497681,0,0,3.77810329316103,0
"811","36",36,5,0,0,479,554,1,0,1,0,1,4.56226268497681,0,0,3.77810329316103,0
"812","36",36,6,0,0,479,554,1,0,1,0,1,4.56226268497681,0,0,3.77810329316103,0
"813","36",36,7,0,0,479,554,1,0,1,0,1,4.56226268497681,0,0,3.77810329316103,0
"814","36",36,8,0,0,479,554,1,0,1,0,1,4.56226268497681,0,0,3.77810329316103,0
"815","36",36,9,0,0,479,554,1,0,1,0,1,4.56226268497681,0,0,3.77810329316103,0
"816","36",36,10,0,0,479,554,1,0,1,0,1,4.56226268497681,0,0,3.77810329316103,0
"817","36",36,11,0,0,479,554,1,0,1,0,1,4.56226268497681,0,0,3.77810329316103,0
"818","36",36,12,0,0,479,554,1,0,1,0,1,4.56226268497681,0,0,3.77810329316103,0
"819","36",36,13,0,0,479,554,1,0,1,0,1,4.56226268497681,0,0,3.77810329316103,0
"820","36",36,14,5,75,479,554,1,5,0.989561586638831,0.0104932757158387,1,4.56226268497681,0.00230001568090156,0.0104384133611691,3.77810329316103,0.0394374038952091
"821","36",36,15,6,75,479,554,1,11,0.977035490605428,0.0127390257774297,1,4.56226268497681,0.00279226047622781,0.0125260960334029,3.77810329316103,0.047324884674251
"822","36",36,16,80,75,479,554,1,91,0.810020876826722,0.187462956294373,1,4.56226268497681,0.0410899085034438,0.167014613778706,3.77810329316103,0.630998462323346
"823","36",36,17,31,75,479,554,1,122,0.745302713987474,0.0832695578436343,1,4.56226268497681,0.0182518113474339,0.0647181628392484,3.77810329316103,0.244511904150297
"824","36",36,18,139,75,479,554,1,261,0.455114822546973,0.49324071899055,1,4.56226268497681,0.108113178273306,0.290187891440501,3.77810329316103,1.09635982828681
"825","36",36,19,169,75,479,554,1,430,0.102296450939457,1.49267476467846,1,4.56226268497681,0.327178610208861,0.352818371607516,3.77810329316103,1.33298425165807
"826","36",36,20,44,75,479,554,1,474,0.0104384133611691,2.28238238567653,1,4.56226268497681,0.500274215509826,0.0918580375782881,3.77810329316103,0.34704915427784
"827","36",36,21,5,75,479,554,1,479,0,0,1,4.56226268497681,0,0.0104384133611691,3.77810329316103,0.0394374038952091
"828","36",36,22,0,0,479,554,1,479,0,0,1,4.56226268497681,0,0,3.77810329316103,0
"829","37",37,0,0,0,346,554,1,0,1,0,1,2.20885261533134,0,0,1.89922831865019,0
"830","37",37,1,0,0,346,554,1,0,1,0,1,2.20885261533134,0,0,1.89922831865019,0
"831","37",37,2,0,0,346,554,1,0,1,0,1,2.20885261533134,0,0,1.89922831865019,0
"832","37",37,3,0,0,346,554,1,0,1,0,1,2.20885261533134,0,0,1.89922831865019,0
"833","37",37,4,0,0,346,554,1,0,1,0,1,2.20885261533134,0,0,1.89922831865019,0
"834","37",37,5,0,0,346,554,1,0,1,0,1,2.20885261533134,0,0,1.89922831865019,0
"835","37",37,6,0,0,346,554,1,0,1,0,1,2.20885261533134,0,0,1.89922831865019,0
"836","37",37,7,0,0,346,554,1,0,1,0,1,2.20885261533134,0,0,1.89922831865019,0
"837","37",37,8,0,0,346,554,1,0,1,0,1,2.20885261533134,0,0,1.89922831865019,0
"838","37",37,9,0,0,346,554,1,0,1,0,1,2.20885261533134,0,0,1.89922831865019,0
"839","37",37,10,0,0,346,554,1,0,1,0,1,2.20885261533134,0,0,1.89922831865019,0
"840","37",37,11,0,0,346,554,1,0,1,0,1,2.20885261533134,0,0,1.89922831865019,0
"841","37",37,12,0,0,346,554,1,0,1,0,1,2.20885261533134,0,0,1.89922831865019,0
"842","37",37,13,0,0,346,554,1,0,1,0,1,2.20885261533134,0,0,1.89922831865019,0
"843","37",37,14,5,208,346,554,1,5,0.985549132947977,0.0145562977742075,1,2.20885261533134,0.00658998145606195,0.0144508670520231,1.89922831865019,0.0274454959342513
"844","37",37,15,8,208,346,554,1,13,0.96242774566474,0.0237399873030729,1,2.20885261533134,0.0107476556553828,0.023121387283237,1.89922831865019,0.043912793494802
"845","37",37,16,40,208,346,554,1,53,0.846820809248555,0.127969880963377,1,2.20885261533134,0.0579350021251556,0.115606936416185,1.89922831865019,0.21956396747401
"846","37",37,17,40,208,346,554,1,93,0.73121387283237,0.146783120289547,1,2.20885261533134,0.0664522020485866,0.115606936416185,1.89922831865019,0.21956396747401
"847","37",37,18,86,208,346,554,1,179,0.482658959537572,0.415395676310765,1,2.20885261533134,0.188059480939363,0.248554913294798,1.89922831865019,0.472062530069122
"848","37",37,19,129,208,346,554,1,308,0.109826589595376,1.48040765269037,1,2.20885261533134,0.67021567777545,0.372832369942197,1.89922831865019,0.708093795103682
"849","37",37,20,38,208,346,554,1,346,0,0,1,2.20885261533134,0,0.109826589595376,1.89922831865019,0.20858576910031
"850","37",37,21,0,0,346,554,1,346,0,0,1,2.20885261533134,0,0,1.89922831865019,0
"851","37",37,22,0,0,346,554,1,346,0,0,1,2.20885261533134,0,0,1.89922831865019,0
"852","38",38,0,0,0,507,554,1,0,1,0,1,2.76277510079146,0,0,4.57343667326333,0
"853","38",38,1,0,0,507,554,1,0,1,0,1,2.76277510079146,0,0,4.57343667326333,0
"854","38",38,2,0,0,507,554,1,0,1,0,1,2.76277510079146,0,0,4.57343667326333,0
"855","38",38,3,0,0,507,554,1,0,1,0,1,2.76277510079146,0,0,4.57343667326333,0
"856","38",38,4,0,0,507,554,1,0,1,0,1,2.76277510079146,0,0,4.57343667326333,0
"857","38",38,5,0,0,507,554,1,0,1,0,1,2.76277510079146,0,0,4.57343667326333,0
"858","38",38,6,0,0,507,554,1,0,1,0,1,2.76277510079146,0,0,4.57343667326333,0
"859","38",38,7,0,0,507,554,1,0,1,0,1,2.76277510079146,0,0,4.57343667326333,0
"860","38",38,8,0,0,507,554,1,0,1,0,1,2.76277510079146,0,0,4.57343667326333,0
"861","38",38,9,0,0,507,554,1,0,1,0,1,2.76277510079146,0,0,4.57343667326333,0
"862","38",38,10,0,0,507,554,1,0,1,0,1,2.76277510079146,0,0,4.57343667326333,0
"863","38",38,11,0,0,507,554,1,0,1,0,1,2.76277510079146,0,0,4.57343667326333,0
"864","38",38,12,0,0,507,554,1,0,1,0,1,2.76277510079146,0,0,4.57343667326333,0
"865","38",38,13,18,47,507,554,1,18,0.964497041420118,0.0361485141163111,1,2.76277510079146,0.0130841320040693,0.0355029585798817,4.57343667326333,0.16237053277858
"866","38",38,14,49,47,507,554,1,67,0.867850098619329,0.105587762562565,1,2.76277510079146,0.0382180086002358,0.0966469428007889,4.57343667326333,0.442008672563911
"867","38",38,15,80,47,507,554,1,147,0.710059171597633,0.200670695462151,1,2.76277510079146,0.0726337425745095,0.157790927021696,4.57343667326333,0.721646812349243
"868","38",38,16,68,47,507,554,1,215,0.575936883629191,0.209350229181874,1,2.76277510079146,0.0757753423801673,0.134122287968442,4.57343667326333,0.613399790496856
"869","38",38,17,76,47,507,554,1,291,0.42603550295858,0.301475394584117,1,2.76277510079146,0.109120497900011,0.149901380670611,4.57343667326333,0.685564471731781
"870","38",38,18,131,47,507,554,1,422,0.167652859960552,0.932627151193849,1,2.76277510079146,0.337568972199973,0.258382642998028,4.57343667326333,1.18169665522189
"871","38",38,19,53,47,507,554,1,475,0.0631163708086785,0.97691535369059,1,2.76277510079146,0.353599304341034,0.104536489151874,4.57343667326333,0.478091013181373
"872","38",38,20,32,47,507,554,1,507,0,0,1,2.76277510079146,0,0.0631163708086785,4.57343667326333,0.288658724939697
"873","38",38,21,0,0,507,554,1,507,0,0,1,2.76277510079146,0,0,4.57343667326333,0
"874","38",38,22,0,0,507,554,1,507,0,0,1,2.76277510079146,0,0,4.57343667326333,0
"875","39",39,0,0,0,541,554,1,0,1,0,1,4.68398136641238,0,0,6.37129057739648,0
"876","39",39,1,0,0,541,554,1,0,1,0,1,4.68398136641238,0,0,6.37129057739648,0
"877","39",39,2,0,0,541,554,1,0,1,0,1,4.68398136641238,0,0,6.37129057739648,0
"878","39",39,3,0,0,541,554,1,0,1,0,1,4.68398136641238,0,0,6.37129057739648,0
"879","39",39,4,0,0,541,554,1,0,1,0,1,4.68398136641238,0,0,6.37129057739648,0
"880","39",39,5,0,0,541,554,1,0,1,0,1,4.68398136641238,0,0,6.37129057739648,0
"881","39",39,6,0,0,541,554,1,0,1,0,1,4.68398136641238,0,0,6.37129057739648,0
"882","39",39,7,0,0,541,554,1,0,1,0,1,4.68398136641238,0,0,6.37129057739648,0
"883","39",39,8,0,0,541,554,1,0,1,0,1,4.68398136641238,0,0,6.37129057739648,0
"884","39",39,9,0,0,541,554,1,0,1,0,1,4.68398136641238,0,0,6.37129057739648,0
"885","39",39,10,0,0,541,554,1,0,1,0,1,4.68398136641238,0,0,6.37129057739648,0
"886","39",39,11,0,0,541,554,1,0,1,0,1,4.68398136641238,0,0,6.37129057739648,0
"887","39",39,12,19,13,541,554,1,19,0.964879852125693,0.0357516909638429,1,4.68398136641238,0.00763275687222178,0.0351201478743068,6.37129057739648,0.223760667228342
"888","39",39,13,19,13,541,554,1,38,0.929759704251386,0.0370774177828994,1,4.68398136641238,0.00791579105091494,0.0351201478743068,6.37129057739648,0.223760667228342
"889","39",39,14,58,13,541,554,1,96,0.822550831792976,0.122515887933499,1,4.68398136641238,0.026156356814745,0.10720887245841,6.37129057739648,0.683058878907571
"890","39",39,15,30,13,541,554,1,126,0.767097966728281,0.0697957619355417,1,4.68398136641238,0.0149009478210202,0.055452865064695,6.37129057739648,0.35330631667633
"891","39",39,16,41,13,541,554,1,167,0.691312384473198,0.104022722816167,1,4.68398136641238,0.0222081845931512,0.0757855822550832,6.37129057739648,0.482851966124318
"892","39",39,17,83,13,541,554,1,250,0.537892791127542,0.250932530243039,1,4.68398136641238,0.0535724868682039,0.153419593345656,6.37129057739648,0.977480809471179
"893","39",39,18,152,13,541,554,1,402,0.256931608133087,0.738849334040801,1,4.68398136641238,0.157739597202264,0.280961182994455,6.37129057739648,1.79008533782674
"894","39",39,19,98,13,541,554,1,500,0.0757855822550832,1.22090186642638,1,4.68398136641238,0.26065472317656,0.181146025878004,6.37129057739648,1.15413396780934
"895","39",39,20,36,13,541,554,1,536,0.00924214417744917,2.10413415427021,1,4.68398136641238,0.449219155600919,0.066543438077634,6.37129057739648,0.423967580011596
"896","39",39,21,5,13,541,554,1,541,0,0,1,4.68398136641238,0,0.00924214417744917,6.37129057739648,0.0588843861127217
"897","39",39,22,0,0,541,554,1,541,0,0,1,4.68398136641238,0,0,6.37129057739648,0
"898","40",40,0,0,0,525,553,1,0,1,0,1,2.82941105810648,0,0,5.37587241632978,0
"899","40",40,1,0,0,525,553,1,0,1,0,1,2.82941105810648,0,0,5.37587241632978,0
"900","40",40,2,0,0,525,553,1,0,1,0,1,2.82941105810648,0,0,5.37587241632978,0
"901","40",40,3,0,0,525,553,1,0,1,0,1,2.82941105810648,0,0,5.37587241632978,0
"902","40",40,4,0,0,525,553,1,0,1,0,1,2.82941105810648,0,0,5.37587241632978,0
"903","40",40,5,0,0,525,553,1,0,1,0,1,2.82941105810648,0,0,5.37587241632978,0
"904","40",40,6,0,0,525,553,1,0,1,0,1,2.82941105810648,0,0,5.37587241632978,0
"905","40",40,7,0,0,525,553,1,0,1,0,1,2.82941105810648,0,0,5.37587241632978,0
"906","40",40,8,0,0,525,553,1,0,1,0,1,2.82941105810648,0,0,5.37587241632978,0
"907","40",40,9,0,0,525,553,1,0,1,0,1,2.82941105810648,0,0,5.37587241632978,0
"908","40",40,10,0,0,525,553,1,0,1,0,1,2.82941105810648,0,0,5.37587241632978,0
"909","40",40,11,0,0,525,553,1,0,1,0,1,2.82941105810648,0,0,5.37587241632978,0
"910","40",40,12,5,28,525,553,1,5,0.990476190476191,0.00956945101615067,1,2.82941105810648,0.00338213529940567,0.00952380952380952,5.37587241632978,0.0511987849174265
"911","40",40,13,48,28,525,553,1,53,0.899047619047619,0.0968498259899176,1,2.82941105810648,0.0342296767775879,0.0914285714285714,5.37587241632978,0.491508335207294
"912","40",40,14,13,28,525,553,1,66,0.874285714285714,0.0279287755250103,1,2.82941105810648,0.00987087946977241,0.0247619047619048,5.37587241632978,0.133116840785309
"913","40",40,15,70,28,525,553,1,136,0.740952380952381,0.165470866442099,1,2.82941105810648,0.058482441414093,0.133333333333333,5.37587241632978,0.716782988843971
"914","40",40,16,48,28,525,553,1,184,0.64952380952381,0.131696866334929,1,2.82941105810648,0.0465456816384484,0.0914285714285714,5.37587241632978,0.491508335207294
"915","40",40,17,55,28,525,553,1,239,0.544761904761905,0.175890666463664,1,2.82941105810648,0.0621651159380763,0.104761904761905,5.37587241632978,0.563186634091691
"916","40",40,18,104,28,525,553,1,343,0.346666666666667,0.451985123743057,1,2.82941105810648,0.159745301923552,0.198095238095238,5.37587241632978,1.06493472628247
"917","40",40,19,151,28,525,553,1,494,0.0590476190476191,1.77001948259165,1,2.82941105810648,0.625578767539064,0.287619047619048,5.37587241632978,1.54620330450628
"918","40",40,20,31,28,525,553,1,525,0,0,1,2.82941105810648,0,0.0590476190476191,5.37587241632978,0.317432466488044
"919","40",40,21,0,0,525,553,1,525,0,0,1,2.82941105810648,0,0,5.37587241632978,0
"920","40",40,22,0,0,525,553,1,525,0,0,1,2.82941105810648,0,0,5.37587241632978,0
