1,1
,
,
,
,
,
,
,
,
,
,
,
,
,
,
,
,
,
,
,
,
,
,
,
,
,
,
,
,
,
,
,
,
,
,
,
,
,
,
,
,
,
,
,
,
,
,
,
,
,
,
,
,
,
,
,
,
,
,
,
,
,
,
,
,
,
,
,
,
,
,
,
,
,
,
,
,
,
,
,
,
,
,
,
,
,
,
,
,
,
,
,
,
,
,
,
,
,
,
,
,
,
,
,
,
,
,
,
,
,
,
,
,
,
,
,
,
,
,
,
,
,
,
,
,
,
,
,
,
,
,
,
,
,
,
,
,
,
,
,
,
,
,
,
,
,
,
,
,
,
,
,
,
,
,
,
,
,
,
,
,
,
,
,
,
,
,
,
,
,
,
,
,
,
,
,
,
,
,
,
,
,
,
,
,
,
,
,
,
,
,
,
,
,
,
,
,
,
,
,
,
,
,
,
,
,
,
,
,
,
,
,
,
,
,
,
,
,
,
,
,
,
,
,
,
,
,
,
,
,
,
,
,
,
,
,
,
,
,
,
,
,
,
,
,
,
,
,
,
,
,
,
,
,
,
,
,
,
,
,
,
,
,
,
,
,
,
,
,
,
,
,
,
,
,
,
,
,
,
,
,
,
,
,
,
,
,
,
,
,
,
,
,
,
,
,
,
,
,
,
,
,
,
,
,
,
,
,
,
,
,
,
,
,
,
,
,
,
,
,
,
,
,
,
,
,
,
,
,
,
,
,
,
,
,
,
,
,
,
,
,
,
,
,
,
,
,
,
,
,
,
,
,
,
,
,
,
,
,
,
,
,
,
,
,
,
,
,
,
,
,
,
,
,
,
,
,
,
,
,
,
,
,
,
,
,
,
,
,
,
,
,
,
,
,
,
,
,
,
,
,
,
,
,
,
,
,
,
,
,
,
,
,
,
,
,
,
,
,
,
,
,
,
,
,
,
,
,
,
,
,
,
,
,
,
,
,
,
,
,
,
,
,
,
,
,
,
,
,
-99999999,
,
,
,
,
,
,
,
,
,
,
,
,
,
,
,
,
,
,
,
,
,
,
,
,
,
,
,
,
,
,
,
,
,
,
,
,
,
,
,
,
,
,
,
,
,
,
,
,
,
,
,
,
,
,
,
,
,
,
,
,
,
,
,
,
,
,
,
,
,
,
,
,
,
,
,
,
,
,
,
,
,
,
,
,
,
,
,
,
,
,
,
,
,
,
,
,
,
,
,
,
,
,
,
,
,
,
,
,
,
,
,
,
,
,
,
,
,
,
,
,
,
,
,
,
,
,
,
,
,
,
,
,
,
,
,
,
,
,
,
,
,
,
,
,
,
,
,
,
,
,
,
,
,
,
,
,
,
,
,
,
,
,
,
,
,
,
,
,
,
,
,
,
,
,
,
,
,
,
,
,
,
,
,
,
,
,
,
,
,
,
,
,
,
,
,
,
,
,
,
,
,
,
,
,
,
,
,
,
,
,
,
,
,
,
,
,
,
,
,
,
,
,
,
,
,
,
,
,
,
,
,
,
,
,
,
,
,
,
,
,
,
,
,
,
,
,
,
,
,
,
,
,
,
,
,
,
,
,
,
,
,
,
,
,
,
,
,
,
,
,
,
,
,
,
,
,
,
,
,
,
,
,
,
,
,
,
,
,
,
,
,
,
,
,
,
,
,
,
,
,
,
,
,
,
,
,
,
,
,
,
,
,
,
,
,
,
,
,
,
,
,
,
,
,
,
,
,
,
,
,
,
,
,
,
,
,
,
,
,
,
,
,
,
,
,
,
,
,
,
,
,
,
,
,
,
,
,
,
,
,
,
,
,
,
,
,
,
,
,
,
,
,
,
,
,
,
,
,
,
,
,
,
,
,
,
,
,
,
,
,
,
,
,
,
,
,
,
,
,
,
,
,
,
,
,
,
,
,
,
,
,
,
,
,
,
,
,
,
,
,
,
,
,
,
,
,
,
,
,
,
,
,
,
,
,
,
,
,
,
,
,
,
,
,
,
,
,
,
,
,
,
,
,
,
,
,
,
,
,
,
,
,
,
,
,
,
,
,
,
,
,
,
,
,
,
,
,
,
,
,
,
,
,
,
,
,
,
,
,
,
,
,
,
,
,
,
,
,
,
,
,
,
,
,
,
,
,
,
,
,
,
,
,
,
,
,
,
,
,
,
,
,
,
,
,
,
,
,
,
,
,
,
,
,
,
,
,
,
,
,
,
,
,
,
,
,
,
,
,
,
,
,
,
,
,
,
,
,
,
,
,
,
,
,
,
,
,
,
,
,
,
,
,
,
,
,
,
,
,
,
,
,
,
,
,
,
,
,
,
,
,
,
,
,
,
,
,
,
,
,
,
,
,
,
,
,
,
,
,
,
,
,
,
,
,
,
,
,
,
,
,
,
,
,
,
,
,
,
,
,
,
,
,
,
,
,
,
,
,
,
,
,
,
,
,
,
,
,
,
,
,
,
,
,
,
,
,
,
,
,
,
,
,
,
,
,
,
,
,
,
,
,
,
,
,
,
,
,
,
,
,
,
,
,
,
,
,
,
,
,
,
,
,
,
,
,
,
,
,
,
,
,
,
,
,
,
,
,
,
,
,
,
,
,
,
,
,
,
,
,
,
,
,
,
,
,
,
,
,
,
,
,
,
,
,
,
,
,
,
,
,
,
,
,
,
,
,
,
,
,
,
,
,
,
,
,
,
,
,
,
,
,
,
,
,
,
,
,
,
,
,
,
,
,
,
,
,
,
,
,
,
,
,
,
,
,
,
,
,
,
,
,
,
,
,
,
,
,
,
,
,
,
,
,
,
,
,
,
,
,
,
,
,
,
,
,
,
,
,
,
,
,
,
,
,
,
,
,
,
,
,
,
,
,
,
,
,
,
,
,
,
,
,
,
,
,
,
,
,
,
,
,
,
,
,
,
,
,
,
,
,
,
,
,
,
,
,
,
,
,
,
,
,
,
,
,
,
,
,
,
,
,
,
,
,
,
,
,
,
,
,
,
,
,
,
,
,
,
,
,
,
,
,
,
,
,
,
,
,
,
,
,
,
,
,
,
,
,
,
,
,
,
,
,
,
,
,
,
,
,
,
,
,
,
,
,
,
,
,
,
,
,
,
,
,
,
,
,
,
,
,
,
,
,
,
,
,
,
,
,
,
,
,
,
,
,
,
,
,
,
,
,
,
,
,
,
,
,
,
,
,
,
,
,
,
,
,
,
,
,
,
,
,
,
,
,
,
,
,
,
,
,
,
,
,
,
,
,
,
,
,
,
,
,
,
,
,
,
,
,
,
,
,
,
,
,
,
,
,
,
,
,
,
,
,
,
,
,
,
,
,
,
,
,
,
,
,
,
,
,
,
,
,
,
,
,
,
,
,
,
,
,
,
,
,
,
,
,
,
,
,
,
,
,
,
,
,
,
,
,
,
,
,
,
,
,
,
,
,
,
,
,
,
,
,
,
,
,
,
,
,
,
,
,
,
,
,
,
,
,
,
,
,
,
,
,
,
,
,
,
,
,
,
,
,
,
,
,
,
,
,
,
,
,
,
,
,
,
,
,
,
,
,
,
,
,
,
,
,
,
,
,
,
,
,
,
,
,
,
,
,
,
,
,
,
,
,
,
,
,
,
,
,
,
,
,
,
,
,
,
,
,
,
,
,
,
,
,
,
,
,
,
,
,
,
,
,
,
,
,
,
,
,
,
,
,
,
,
,
,
,
,
,
,
,
,
,
,
,
,
,
,
,
,
,
,
,
,
,
,
,
,
,
,
,
,
,
,
,
,
,
,
,
,
,
,
,
,
,
,
,
,
,
,
,
,
,
,
,
,
,
,
,
,
,
,
,
,
,
,
,
,
,
,
,
,
,
,
,
,
,
,
,
,
,
,
,
,
,
,
,
,
,
,
,
,
,
,
,
,
,
,
,
,
,
,
,
,
,
,
,
,
,
,
,
,
,
,
,
,
,
,
,
,
,
,
,
,
,
,
,
,
,
,
,
,
,
,
,
,
,
,
,
,
,
,
,
,
,
,
,
,
,
,
,
,
,
,
,
,
,
,
,
,
,
,
,
,
,
,
,
,
,
,
,
,
,
,
,
,
,
,
,
,
,
,
,
,
,
,
,
,
,
,
,
,
,
,
,
,
,
,
,
,
,
,
,
,
,
,
,
,
,
,
,
,
,
,
,
,
,
,
,
,
,
,
,
,
,
,
,
,
,
,
,
,
,
,
,
,
,
,
,
,
,
,
,
,
,
,
,
,
,
,
,
,
,
,
,
,
,
,
,
,
,
,
,
,
,
,
,
,
,
,
,
,
,
,
,
,
,
,
,
,
,
,
,
,
,
,
,
,
,
,
,
,
,
,
,
,
,
,
,
,
,
,
,
,
,
,
,
,
,
,
,
,
,
,
,
,
,
,
,
,
,
,
,
,
,
,
,
,
,
,
,
,
,
,
,
,
,
,
,
,
,
,
,
,
,
,
,
,
,
,
,
,
,
,
,
,
,
,
,
,
,
,
,
,
,
,
,
,
,
,
,
,
,
,
,
,
,
,
,
,
,
,
,
,
,
,
,
,
,
,
,
,
,
,
,
,
,
,
,
,
,
,
,
,
,
,
,
,
,
,
,
,
,
,
,
,
,
,
,
,
,
,
,
,
,
,
,
,
,
,
,
,
,
,
,
,
,
,
,
,
,
,
,
,
,
,
,
,
,
,
,
,
,
,
,
,
,
,
,
,
,
,
,
,
,
,
,
,
,
,
,
,
,
,
,
,
,
,
,
,
,
,
,
,
,
,
,
,
,
,
,
,
,
,
,
,
,
,
,
,
,
,
,
,
,
,
,
,
,
,
,
,
,
,
,
,
,
,
,
,
,
,
,
,
,
,
,
,
,
,
,
,
,
,
,
,
,
,
,
,
,
,
,
,
,
,
,
,
,
,
,
,
,
,
,
,
,
,
,
,
,
,
,
,
,
,
,
,
,
,
,
,
,
,
,
,
,
,
,
,
,
,
,
,
,
,
,
,
,
,
,
,
,
,
,
,
,
,
,
,
,
,
,
,
,
,
,
,
,
,
,
,
,
,
,
,
,
,
,
,
,
,
,
,
,
,
,
,
,
,
,
,
,
,
,
,
,
,
,
,
,
,
,
,
,
,
,
,
,
,
,
,
,
,
,
,
,
,
,
,
,
,
,
,
,
,
,
,
,
,
,
,
,
,
,
,
,
,
,
,
,
,
,
,
,
,
,
,
,
,
,
,
,
,
,
,
,
,
,
,
,
,
,
,
,
,
,
,
,
,
,
,
,
,
,
,
,
,
,
,
,
,
,
,
,
,
,
,
,
,
,
,
,
,
,
,
,
,
,
,
,
,
,
,
,
,
,
,
,
,
,
,
,
,
,
,
,
,
,
,
,
,
,
,
,
,
,
,
,
,
,
,
,
,
,
,
,
,
,
,
,
,
,
,
,
,
,
,
,
,
,
,
,
,
,
,
,
,
,
,
,
,
,
,
,
,
,
,
,
,
,
,
,
,
,
,
,
,
,
,
,
,
,
,
,
,
,
,
,
,
,
,
,
,
,
,
,
,
,
,
,
,
,
,
,
,
,
,
,
,
,
,
,
,
,
,
,
,
,
,
,
,
,
,
,
,
,
,
,
,
,
,
,
,
,
,
,
,
,
,
,
,
,
,
,
,
,
,
,
,
,
,
,
,
,
,
,
,
,
,
,
,
,
,
,
,
,
,
,
,
,
,
,
,
,
,
,
,
,
,
,
,
,
,
,
,
,
,
,
,
,
,
,
,
,
,
,
,
,
,
,
,
,
,
,
,
,
,
,
,
,
,
,
,
,
,
,
,
,
,
,
,
,
,
,
,
,
,
,
,
,
,
,
,
,
,
,
,
,
,
,
,
,
,
,
,
,
,
,
,
,
,
,
,
,
,
,
,
,
,
,
,
,
,
,
,
,
,
,
,
,
,
,
,
,
,
,
,
,
,
,
,
,
,
,
,
,
,
,
,
,
,
,
,
,
,
,
,
,
,
,
,
,
,
,
,
,
,
,
,
,
,
,
,
,
,
,
,
,
,
,
,
,
,
,
,
,
,
,
,
,
,
,
,
,
,
,
,
,
,
,
,
,
,
,
,
,
,
,
,
,
,
,
,
,
,
,
,
,
,
,
,
,
,
,
,
,
,
,
,
,
,
,
,
,
,
,
,
,
,
,
,
,
,
,
,
,
,
,
,
,
,
,
,
,
,
,
,
,
,
,
,
,
,
,
,
,
,
,
,
,
,
,
,
,
,
,
,
,
,
,
,
,
,
,
,
,
,
,
,
,
,
,
,
,
,
,
,
,
,
,
,
,
,
,
,
,
,
,
,
,
,
,
,
,
,
,
,
,
,
,
,
,
,
,
,
,
,
,
,
,
,
,
,
,
,
,
,
,
,
,
,
,
,
,
,
,
,
,
,
,
,
,
,
,
,
,
,
,
,
,
,
,
,
,
,
,
,
,
,
,
,
,
,
,
,
,
,
,
,
,
,
,
,
,
,
,
,
,
,
,
,
,
,
,
,
,
,
,
,
,
,
,
,
,
,
,
,
,
,
,
,
,
,
,
,
,
,
,
,
,
,
,
,
,
,
,
,
,
,
,
,
,
,
,
,
,
,
,
,
,
,
,
,
,
,
,
,
,
,
,
,
,
,
,
,
,
,
,
,
,
,
,
,
,
,
,
,
,
,
,
,
,
,
,
,
,
,
,
,
,
,
,
,
,
,
,
,
,
,
,
,
,
,
,
,
,
,
,
,
,
,
,
,
,
,
,
,
,
,
,
,
,
,
,
,
,
,
,
,
,
,
,
,
,
,
,
,
,
,
,
,
,
,
,
,
,
,
,
,
,
,
,
,
,
,
,
,
,
,
,
,
,
,
,
,
,
,
,
,
,
,
,
,
,
,
,
,
,
,
,
,
,
,
,
,
,
,
,
,
,
,
,
,
,
,
,
,
,
,
,
,
,
,
,
,
,
,
,
,
,
,
,
,
,
,
,
,
,
,
,
,
,
,
,
,
,
,
,
,
,
,
,
,
,
,
,
,
,
,
,
,
,
,
,
,
,
,
,
,
,
,
,
,
,
,
,
,
,
,
,
,
,
,
,
,
,
,
,
,
,
,
,
,
,
,
,
,
,
,
,
,
,
,
,
,
,
,
,
,
,
,
,
,
,
,
,
,
,
,
,
,
,
,
,
,
,
,
,
,
,
,
,
,
,
,
,
,
,
,
,
,
,
,
,
,
,
,
,
,
,
,
,
,
,
,
,
,
,
,
,
,
,
,
,
,
,
,
,
,
,
,
,
,
,
,
,
,
,
,
,
,
,
,
,
,
,
,
,
,
,
,
,
,
,
,
,
,
,
,
,
,
,
,
,
,
,
,
,
,
,
,
,
,
,
,
,
,
,
,
,
,
,
,
,
,
,
,
,
,
,
,
,
,
,
,
,
,
,
,
,
,
,
,
,
,
,
,
,
,
,
,
,
,
,
,
,
,
,
,
,
,
,
,
,
,
,
,
,
,
,
,
,
,
,
,
,
,
,
,
,
,
,
,
,
,
,
,
,
,
,
,
,
,
,
,
,
,
,
,
,
,
,
,
,
,
,
,
,
,
,
,
,
,
,
,
,
,
,
,
,
,
,
,
,
,
,
,
,
,
,
,
,
,
,
,
,
,
,
,
,
,
,
,
,
,
,
,
,
,
,
,
,
,
,
,
,
,
,
,
,
,
,
,
,
,
,
,
,
,
,
,
,
,
,
,
,
,
,
,
,
,
,
,
,
,
,
,
,
,
,
,
,
,
,
,
,
,
,
,
,
,
,
,
,
,
,
,
,
,
,
,
,
,
,
,
,
,
,
,
,
,
,
,
,
,
,
,
,
,
,
,
,
,
,
,
,
,
,
,
,
,
,
,
,
,
,
,
,
,
,
,
,
,
,
,
,
,
,
,
,
,
,
,
,
,
,
,
,
,
,
,
,
,
,
,
,
,
,
,
,
,
,
,
,
,
,
,
,
,
,
,
,
,
,
,
,
,
,
,
,
,
,
,
,
,
,
,
,
,
,
,
,
,
,
,
,
,
,
,
,
,
,
,
,
,
,
,
,
,
,
,
,
,
,
,
,
,
,
,
,
,
,
,
,
,
,
,
,
,
,
,
,
,
,
,
,
,
,
,
,
,
,
,
,
,
,
,
,
,
,
,
,
,
,
,
,
,
,
,
,
,
,
,
,
,
,
,
,
,
,
,
,
,
,
,
,
,
,
,
,
,
,
,
,
,
,
,
,
,
,
,
,
,
,
,
,
,
,
,
,
,
,
,
,
,
,
,
,
,
,
,
,
,
,
,
,
,
,
,
,
,
,
,
,
,
,
,
,
,
,
,
,
,
,
,
,
,
,
,
,
,
,
,
,
,
,
,
,
,
,
,
,
,
,
,
,
,
,
,
,
,
,
,
,
,
,
,
,
,
,
,
,
,
,
,
,
,
,
,
,
,
,
,
,
,
,
,
,
,
,
,
,
,
,
,
,
,
,
,
,
,
,
,
,
,
,
,
,
,
,
,
,
,
,
,
,
,
,
,
,
,
,
2.423,21
2.461,17
2.387,25
2.492,26
2.464,25
2.414,28
2.435,32
2.432,36
2.406,37
2.43,40
2.43,40
2.43,43
2.404,42
2.378,44
2.43,45
2.43,42
2.431,46
2.43,45
2.406,46
2.379,48
2.406,47
2.378,42
2.456,42
2.43,38
2.353,37
2.389,26
2.335,29
2.415,27
2.311,27
2.4,21
2.435,16
,
,
,
,
,
,
,
,
,
,
,
,
,
,
,
,
,
,
,
,
,
,
,
,
,
,
,
,
,
,
,
,
,
,
,
,
,
,
,
,
,
,
,
,
,
,
,
,
,
,
,
,
,
,
,
,
,
,
,
,
,
,
,
,
,
,
,
,
,
,
,
,
,
,
,
,
,
,
,
,
,
,
,
,
,
,
,
,
,
,
,
,
,
,
,
,
,
,
,
,
,
,
,
,
,
,
,
,
,
,
,
0.731,19
0.693,21
0.701,23
0.705,25
0.656,28
0.6,35
0.623,37
0.624,36
0.597,38
0.623,37
0.648,46
0.597,38
0.597,45
0.598,46
0.598,47
0.648,46
0.598,46
0.573,48
0.598,47
0.598,49
0.598,47
0.622,44
0.598,47
0.597,45
0.598,47
0.572,45
0.548,48
0.572,45
0.597,45
0.598,47
0.597,45
0.573,48
0.598,52
0.598,51
0.598,47
0.598,48
0.598,48
0.623,46
0.597,45
0.598,49
0.597,44
0.573,49
0.597,43
0.597,45
0.597,44
0.597,40
0.597,44
0.597,45
0.623,47
0.622,43
0.597,41
0.572,45
0.597,38
0.547,42
0.547,45
0.572,44
0.597,43
0.547,43
0.547,40
0.572,39
0.547,39
0.599,36
0.678,31
0.603,31
0.553,31
0.631,28
0.653,24
,
,
,
,
,
,
,
,
,
,
,
,
,
,
,
,
,
,
,
,
,
,
,
,
,
,
,
,
,
,
,
,
,
,
,
,
,
,
,
,
,
,
,
,
,
,
,
,
,
,
,
,
,
,
,
,
,
,
,
,
,
,
,
,
,
,
,
,
,
,
,
,
,
,
,
,
,
,
,
,
,
,
,
,
,
,
,
,
,
,
,
0.385,20
0.574,22
0.476,23
0.43,25
0.406,28
0.455,29
0.452,33
0.451,34
0.5,35
0.448,37
0.447,38
0.498,37
0.447,44
0.472,41
0.472,40
0.422,43
0.447,41
0.473,46
0.472,42
0.497,43
0.447,42
0.448,46
0.447,43
0.472,42
0.472,44
0.473,47
0.472,43
0.447,42
0.472,45
0.447,43
0.497,42
0.497,44
0.447,42
0.447,44
0.497,44
0.497,40
0.472,43
0.447,41
0.447,43
0.497,43
0.498,49
0.448,52
0.499,53
0.499,57
0.474,59
0.525,64
0.475,65
0.5,64
0.45,66
0.481,71
0.53,70
0.533,72
0.536,74
0.514,76
0.537,75
0.537,75
0.559,73
0.555,70
0.534,73
0.556,71
0.552,68
0.527,68
0.5,64
0.533,72
0.55,66
0.526,67
0.575,66
0.526,67
0.525,62
0.55,65
0.5,62
0.525,64
0.499,59
0.5,60
0.524,54
0.498,52
0.474,53
0.448,51
0.448,51
0.474,53
0.473,50
0.473,52
0.474,55
0.498,51
0.474,55
0.474,54
0.498,51
0.448,50
0.473,51
0.448,51
0.449,53
0.449,54
0.448,50
0.448,49
0.448,50
0.473,51
0.448,50
0.448,49
0.473,52
0.449,53
0.448,49
0.473,49
0.498,51
0.448,51
0.448,51
0.448,52
0.498,49
0.448,49
0.448,49
0.473,50
0.448,48
0.448,49
0.448,51
0.448,51
0.448,47
0.448,49
0.448,46
0.448,51
0.498,50
0.498,51
0.448,52
0.448,51
0.498,51
0.498,49
0.498,48
0.523,48
0.548,48
0.548,50
0.598,50
0.598,46
0.648,52
0.598,47
0.673,48
0.748,48
0.849,54
0.798,52
0.748,52
0.848,48
0.873,52
0.748,52
0.749,55
0.723,50
0.798,50
0.898,51
0.823,51
0.773,52
0.773,51
0.823,50
0.798,52
0.749,56
0.798,50
0.773,51
0.799,53
0.699,53
0.749,54
0.773,50
0.748,51
0.698,50
0.699,53
0.698,49
0.698,48
0.673,50
0.699,54
0.673,51
0.674,55
0.648,52
0.599,55
0.648,52
0.649,54
0.648,52
0.674,53
0.649,54
0.624,53
0.624,54
0.624,53
0.649,55
0.649,56
0.649,53
0.599,53
0.598,52
0.649,55
0.649,53
0.599,53
0.598,50
0.549,53
0.574,54
0.523,52
0.574,55
0.549,55
0.549,57
0.599,56
0.599,55
0.6,62
0.599,56
0.574,58
0.549,56
0.549,57
0.574,56
0.6,61
0.55,60
0.549,58
0.574,54
0.599,53
0.549,58
0.599,55
0.599,55
0.549,54
0.549,55
0.548,52
0.599,55
0.575,60
0.574,56
0.599,53
0.548,52
0.549,55
0.599,54
0.599,55
0.649,57
0.574,57
0.599,55
0.598,50
0.549,55
0.599,56
0.624,55
0.624,56
0.649,55
0.674,53
0.599,55
0.649,58
0.649,55
0.699,53
0.698,50
0.674,53
0.699,57
0.699,55
0.774,58
0.849,59
0.849,57
0.949,55
1,61
1,63
1.102,63
1.15,59
1.252,59
1.304,60
1.355,61
1.379,55
1.405,56
1.405,53
1.405,54
1.48,52
1.456,58
1.455,51
1.456,56
1.48,52
1.456,54
1.481,56
1.48,52
1.456,56
1.481,54
1.505,52
1.532,56
1.532,58
1.506,54
1.505,52
1.557,53
1.557,57
1.532,54
1.557,57
1.532,58
1.557,55
1.557,57
1.532,55
1.583,58
1.532,57
1.557,56
1.557,56
1.557,59
1.557,57
1.557,58
1.583,59
1.557,58
1.583,53
1.608,56
1.583,54
1.608,56
1.583,57
1.608,55
1.583,53
1.608,55
1.556,52
1.582,52
1.583,53
1.608,55
1.608,56
1.607,50
1.583,54
1.582,52
1.607,52
1.583,53
1.583,54
1.633,53
1.607,52
1.582,52
1.582,51
1.607,50
1.607,52
1.607,51
1.632,52
1.607,48
1.607,48
1.582,46
1.607,48
1.607,47
1.607,49
1.607,47
1.582,48
1.582,47
1.556,51
1.582,49
1.582,52
1.583,54
1.583,53
1.582,52
1.608,53
1.608,57
1.608,56
1.583,59
1.608,54
1.608,56
1.608,54
1.608,54
1.608,53
1.608,53
1.607,50
1.607,51
1.632,48
1.632,52
1.607,50
1.607,52
1.608,54
1.532,53
1.556,51
1.481,54
1.481,55
1.456,53
1.353,52
1.302,52
0.973,52
0.748,52
0.698,51
0.673,50
0.648,50
0.598,49
0.597,44
0.598,50
0.573,47
0.573,51
0.598,52
0.598,52
0.598,50
0.623,52
0.549,53
0.574,53
0.599,54
0.549,58
0.574,56
0.599,54
0.574,53
0.549,53
0.548,51
0.599,53
0.548,52
0.574,56
0.599,53
0.549,54
0.599,54
0.549,53
0.573,51
0.599,54
0.549,54
0.548,49
0.599,54
0.549,55
0.498,52
0.524,53
0.549,55
0.524,56
0.524,53
0.549,53
0.524,54
0.549,55
0.499,55
0.499,56
0.498,50
0.524,54
0.549,53
0.524,55
0.523,51
0.548,51
0.499,54
0.548,51
0.523,51
0.498,50
0.498,51
0.523,50
0.498,48
0.523,49
0.548,49
0.548,47
0.523,48
0.548,47
0.548,50
0.497,45
0.498,46
0.548,48
0.523,48
0.523,46
0.547,44
0.547,44
0.572,43
0.547,43
0.547,45
0.572,45
0.547,40
0.497,40
0.497,41
0.472,40
0.498,37
0.552,33
0.552,33
0.554,30
0.48,29
0.453,31
0.557,27
0.482,27
0.453,24
0.631,19
,
,
,
,
,
,
,
,
,
,
,
,
,
,
,
,
,
,
,
,
,
,
,
,
,
,
,
,
,
,
,
,
,
,
,
,
,
,
,
,
,
,
,
,
,
,
,
,
,
,
,
,
,
,
,
,
,
,
,
0.524,18
0.601,23
,
0.597,22
0.453,24
0.543,21
0.618,21
0.507,26
0.581,19
0.553,24
0.581,19
,
,
,
,
,
,
,
,
,
,
,
,
,
,
,
,
,
,
,
,
,
,
,
,
,
,
,
,
,
,
,
,
,
,
,
,
,
,
,
,
,
,
,
,
,
,
,
,
,
,
,
,
,
,
,
,
,
,
,
,
,
,
,
,
,
,
,
,
,
,
,
,
,
,
,
,
,
,
,
,
,
,
,
,
,
,
,
,
,
,
,
,
,
,
,
,
,
,
,
,
,
,
,
,
,
,
,
,
,
,
,
,
,
,
,
,
,
,
,
,
,
,
,
,
,
,
,
,
,
,
,
,
,
,
,
,
,
,
,
,
,
,
,
,
,
,
,
,
,
,
,
,
,
,
,
,
,
,
,
,
,
,
,
,
,
,
,
,
,
,
,
,
,
,
,
,
,
,
,
,
,
,
,
,
,
,
,
,
,
,
,
,
,
,
3.752,31
3.776,33
3.771,43
3.746,45
3.746,45
3.747,51
3.747,47
3.748,53
3.748,58
3.748,57
3.748,59
3.749,65
3.724,62
3.699,62
3.699,64
3.699,64
3.699,64
3.749,66
3.75,67
3.724,66
3.75,67
3.701,68
3.701,68
3.701,68
3.701,68
3.699,66
3.7,67
3.705,71
3.7,67
3.724,64
3.725,67
3.699,66
3.749,66
3.724,62
3.699,64
3.724,62
3.749,63
3.724,65
3.699,63
3.724,62
3.724,63
3.699,60
3.698,59
3.724,61
3.748,59
3.723,56
3.748,55
3.748,56
3.748,57
3.748,54
3.748,56
3.747,50
3.673,44
3.746,41
3.649,37
3.604,33
,
,
,
,
,
,
,
,
,
,
,
,
,
,
,
,
,
,
,
,
,
,
,
,
,
,
,
3.578,24
3.558,28
3.599,42
3.501,37
3.507,30
3.45,39
3.5,38
3.525,41
3.549,45
3.55,50
3.551,55
3.551,54
3.577,62
3.527,59
3.552,62
3.528,61
3.553,67
3.528,63
3.552,64
3.528,64
3.552,63
3.503,62
3.503,61
3.453,60
3.453,63
3.453,60
3.429,63
3.453,62
3.429,63
3.453,61
3.453,64
3.453,61
3.431,68
3.404,62
3.381,68
3.404,61
3.404,64
3.429,65
3.404,65
3.432,69
3.429,66
3.429,64
3.454,67
3.406,68
3.355,65
3.305,65
3.206,62
3.257,67
3.158,67
2.902,61
2.485,66
2.459,60
2.38,58
2.328,55
2.276,54
2.198,55
2.172,53
2.198,54
2.197,51
2.172,55
2.224,54
2.172,55
2.171,52
2.224,57
2.224,54
2.198,54
2.224,59
2.172,53
2.169,50
2.171,49
2.197,51
2.171,49
2.224,53
2.224,54
2.198,58
2.224,58
2.276,57
2.251,64
2.225,62
2.225,61
2.224,58
2.225,60
2.225,61
2.224,58
2.198,56
2.172,58
2.198,58
2.224,57
2.199,61
2.199,61
2.224,56
2.172,56
2.172,53
2.171,52
2.224,54
2.172,55
2.146,53
2.172,54
2.145,46
2.145,50
2.171,49
2.145,49
2.197,51
2.145,49
2.223,51
2.171,49
2.171,49
2.171,48
2.171,49
2.171,49
2.171,48
2.171,49
2.197,52
2.197,51
2.146,53
2.145,50
2.171,50
2.119,48
2.145,51
2.171,49
2.171,51
2.171,52
2.171,52
2.171,51
2.145,49
2.169,50
2.171,46
2.145,49
2.145,50
2.119,51
2.119,50
2.172,54
2.197,50
2.119,51
2.171,49
2.145,52
2.171,49
2.146,55
2.197,52
2.094,54
2.119,52
2.171,48
2.119,52
2.12,54
2.12,54
2.12,53
2.067,51
2.12,55
2.068,54
2.146,58
2.12,57
2.12,53
2.094,55
2.146,55
2.095,60
2.094,54
2.146,58
2.094,56
2.12,58
2.068,57
2.12,55
2.094,59
2.12,58
2.068,59
2.095,61
2.172,59
2.121,64
2.069,60
0.649,59
2.069,64
2.095,62
2.069,63
2.069,63
0.7,65
0.65,66
0.675,62
0.7,64
0.7,62
0.724,58
0.675,60
0.675,62
0.7,61
0.699,59
0.725,62
0.7,66
0.65,61
0.699,56
0.699,59
0.649,57
0.649,58
0.699,57
0.649,57
0.649,55
0.674,54
0.649,59
0.699,53
0.649,54
0.699,53
0.699,53
0.649,54
0.649,53
0.649,55
0.649,54
0.649,56
0.649,54
0.649,54
0.649,53
0.675,60
0.7,60
0.649,58
0.649,53
0.624,57
0.65,64
0.65,63
0.601,67
0.656,71
0.68,70
0.661,74
0.658,72
0.64,77
0.636,74
0.64,77
0.727,80
0.702,80
0.707,81
0.737,82
0.689,76
0.656,71
0.653,69
0.683,72
0.658,72
0.655,70
0.655,70
0.68,70
0.678,69
0.586,74
0.606,71
0.553,69
0.63,70
0.502,68
0.502,68
0.5,63
0.45,62
0.4,62
0.375,62
0.349,59
0.399,58
2.382,62
0.4,62
2.355,60
0.549,58
2.328,59
2.355,61
2.432,58
2.354,58
2.38,55
2.38,58
2.354,59
2.328,57
2.328,57
2.328,57
0.649,58
0.699,58
0.499,58
0.699,57
0.549,57
0.649,56
0.647,57
0.649,59
0.549,57
0.524,55
0.599,54
0.524,53
0.574,53
0.599,55
0.548,51
0.523,50
0.548,52
0.548,48
0.548,49
0.548,50
0.523,48
0.548,46
0.548,51
0.547,44
0.523,48
0.548,50
0.548,51
0.549,53
0.574,53
0.574,53
0.574,55
0.599,55
0.599,55
0.599,54
0.599,59
0.549,56
0.599,56
0.649,56
0.649,56
0.649,54
0.599,55
0.65,61
0.699,59
0.599,58
0.6,61
0.599,59
0.6,60
0.699,59
0.649,59
0.65,62
0.6,63
0.65,61
0.6,60
0.65,62
0.6,62
0.625,64
0.675,64
0.7,63
0.674,59
0.749,58
0.7,60
0.749,58
0.7,61
0.65,60
0.7,60
0.7,63
0.65,62
0.65,62
0.6,60
0.624,57
0.599,58
0.624,58
0.65,61
0.624,58
-99999999,
0.625,61
0.65,62
0.675,61
0.649,56
0.649,58
0.674,58
0.599,56
0.649,56
0.649,53
0.649,55
0.649,54
0.674,56
0.624,56
0.649,55
0.649,53
0.674,54
0.674,54
0.649,53
0.648,52
0.649,56
0.699,54
0.699,55
0.724,58
0.75,60
0.749,53
0.749,56
0.749,56
0.749,54
0.774,55
0.849,58
0.824,57
0.85,60
0.9,60
0.899,59
1,63
1,60
1.076,61
1.15,57
1.15,59
1.15,58
1.15,55
1.253,60
1.202,62
1.685,62
2.069,64
1,65
1.052,67
0.927,68
0.9,65
0.75,66
0.727,68
0.725,63
0.749,59
0.799,57
0.749,53
0.773,48
1.785,52
1.659,53
1.583,58
1.583,57
1.533,60
1.506,55
1.404,46
1.353,51
1.353,49
1.327,50
1.277,46
1.277,49
1.277,52
1.251,51
1.277,48
1.251,48
1.2,50
1.175,48
1.252,53
1.252,55
1.252,53
1.2,51
1.2,47
1.2,46
1.251,52
1.175,50
1.2,51
1.175,51
1.201,55
1.149,52
1.252,56
1.2,51
1.202,62
1.201,55
1.149,52
1.15,53
1.201,54
1.175,52
1.2,51
1.149,52
1.15,54
1.149,47
1.175,50
1.149,46
1.149,49
1.149,47
1.174,45
1.199,45
1.199,45
1.175,37
1.174,40
1.199,38
1.183,28
1.157,25
1.038,20
1.107,25
1.053,32
1.002,33
1.048,38
1.048,40
0.972,40
1.022,44
1.048,40
1.048,41
1.049,46
1.048,44
1.049,46
1.022,44
1.048,44
1.048,45
1.023,47
1.049,49
1.049,48
0.998,50
1.049,46
1.049,49
1.023,49
1.049,47
1.049,48
1.049,50
1.049,50
1.074,51
1.023,46
1.023,52
1.074,47
1.073,42
1.049,48
1.073,44
1.099,44
1.073,43
1.099,40
1.073,42
1.099,38
1.1,37
2.298,41
2.326,43
2.326,40
2.378,40
2.326,41
2.378,42
2.326,40
2.43,41
2.482,42
2.43,45
2.406,48
2.353,47
2.43,45
2.353,46
2.301,46
2.327,47
2.327,48
2.327,47
2.275,49
2.301,46
2.274,45
2.275,50
2.249,48
2.275,49
2.275,51
2.249,48
2.275,46
2.224,53
2.094,56
1.456,57
1.201,55
1.201,58
1.15,54
1.15,55
1.149,51
1.762,60
2.172,59
2.276,55
2.275,47
2.302,53
2.275,51
2.275,49
2.275,51
2.223,48
2.119,50
1.836,52
1.277,52
1.251,52
1.226,50
1.2,52
1.176,54
1.201,56
1.201,54
1.227,53
1.201,55
1.252,57
1.226,51
1.252,55
1.278,55
1.278,58
1.278,58
1.279,60
1.278,55
1.278,58
1.279,63
1.278,59
1.252,57
1.303,56
1.303,59
1.304,60
1.279,60
1.303,58
1.253,61
1.303,57
1.253,61
1.278,59
1.304,61
1.253,61
1.252,58
1.252,57
1.279,62
1.252,58
1.252,56
1.227,58
1.252,59
1.252,59
1.253,60
1.228,60
1.228,60
1.227,55
1.201,58
1.201,57
1.227,57
1.202,61
1.201,55
1.202,61
1.227,55
1.202,60
1.201,58
1.201,55
1.202,62
1.201,59
1.176,57
1.176,57
1.176,58
1.201,56
1.201,59
1.201,59
1.201,59
1.176,53
1.201,59
1.201,56
1.201,57
1.176,56
1.176,54
1.176,57
1.202,61
1.201,54
1.176,59
1.201,57
1.176,59
1.177,61
1.176,59
1.201,57
1.176,58
1.201,58
1.201,57
1.176,58
1.151,60
1.176,57
1.201,55
1.176,56
1.15,58
1.176,59
1.201,59
1.149,60
1.15,59
1.201,59
1.151,61
1.15,54
1.15,57
1.202,61
1.176,58
1.151,61
1.201,56
1.15,59
1.15,55
1.176,56
1.15,56
1.201,58
1.15,55
1.201,58
1.151,60
1.15,56
1.15,53
1.15,59
1.15,56
1.151,61
1.15,54
1.176,57
1.149,51
1.201,55
1.176,54
1.227,59
1.176,55
1.176,54
1.176,58
1.176,56
1.201,56
1.201,56
1.227,54
1.201,57
1.201,59
1.227,56
1.201,58
1.201,53
1.199,54
1.201,59
1.227,56
1.252,56
1.2,52
1.201,56
1.226,52
1.252,55
1.227,55
1.226,49
1.226,50
1.2,46
1.251,49
1.2,49
1.25,42
1.25,43
1.199,44
1.252,36
1.25,43
1.276,38
1.252,36
1.302,37
1.353,37
1.281,32
1.281,32
1.257,30
1.138,20
1.379,22
,
,
,
,
,
,
,
,
,
0.635,20
0.653,24
0.657,26
0.702,32
0.7,35
0.672,40
0.67,40
0.697,42
0.648,47
0.722,45
0.748,46
0.748,49
0.748,49
0.698,51
0.748,48
0.748,50
0.724,54
0.723,49
0.699,54
0.699,54
0.698,51
0.699,53
0.749,56
0.699,54
0.698,52
0.699,55
0.697,53
0.698,52
0.699,55
0.699,54
0.724,54
0.748,51
0.673,50
0.724,54
0.699,54
0.698,49
0.699,55
0.699,54
0.724,54
0.699,56
0.698,52
0.699,53
0.724,56
0.699,53
0.699,55
0.699,59
0.674,59
0.699,58
0.699,57
0.699,57
0.724,58
0.698,50
0.749,56
0.749,55
0.697,57
0.724,56
0.724,54
0.75,60
0.749,55
0.724,53
0.699,53
0.724,55
0.699,53
0.723,52
0.724,53
0.748,50
0.749,55
0.699,55
0.748,48
0.698,51
0.698,49
0.748,46
0.748,49
0.748,47
0.748,46
0.797,42
0.772,41
0.798,37
0.752,33
0.73,29
0.757,27
0.705,25
,
,
,
,
,
,
,
,
,
,
,
,
,
,
,
,
,
,
,
,
,
,
,
,
,
,
,
,
,
,
,
,
,
,
,
,
,
,
,
,
,
,
,
,
,
,
,
,
,
,
,
,
,
,
,
,
,
,
,
,
,
2.121,16
2.285,27
2.31,28
2.231,28
2.15,24
2.232,26
2.201,16
,
,
,
,
,
,
,
,
,
,
,
,
,
,
,
,
,
,
,
,
,
,
,
,
,
,
,
,
,
,
,
,
,
,
,
,
,
,
,
,
,
,
,
,
,
,
,
,
,
,
,
,
,
,
,
,
,
,
,
,
,
,
,
,
,
,
,
,
,
,
,
,
,
,
0.3,14
,
0.175,13
0.137,20
0.299,22
0.226,23
0.274,22
0.227,14
0.226,18
0.149,22
0.157,26
0.253,24
0.205,25
0.232,26
0.218,21
0.168,21
0.255,29
0.182,26
0.212,20
0.206,19
0.149,22
0.282,26
0.199,22
0.203,24
0.28,29
0.227,15
0.137,20
0.255,25
0.177,14
0.201,23
0.153,24
0.128,24
0.212,20
0.153,24
0.231,19
0.181,19
0.276,23
0.132,26
0.176,23
0.307,26
0.151,23
0.23,25
0.204,30
0.23,29
0.23,29
0.254,30
0.303,31
0.177,33
0.205,29
0.202,32
0.155,29
0.198,37
0.126,34
0.203,31
0.176,34
0.151,34
0.15,35
0.199,34
0.15,35
0.15,35
0.172,40
0.172,38
0.172,40
0.147,41
0.147,38
0.197,40
0.147,39
0.147,41
0.174,36
0.172,43
0.197,42
0.199,36
0.197,41
0.222,38
0.197,38
0.147,41
0.223,37
0.2,35
0.172,39
0.197,44
0.098,37
0.198,37
0.175,35
0.172,42
0.172,40
0.197,39
0.173,37
0.197,38
0.172,41
0.147,42
0.197,42
0.147,41
0.197,40
0.172,44
0.197,39
0.147,41
0.147,40
0.148,37
0.222,41
0.174,36
0.197,39
0.173,37
0.199,36
0.176,34
0.201,34
0.223,37
0.201,34
0.205,25
0.157,26
0.168,21
0.155,25
0.226,18
0.155,25
0.131,19
0.112,20
0.212,20
,
,
,
0.185,20
,
0.25,16
,
0.25,14
0.231,19
0.202,16
0.131,19
0.126,23
0.131,19
0.18,25
0.101,34
0.176,34
0.197,38
0.151,34
0.197,41
0.174,36
0.172,38
0.177,32
0.15,35
0.147,43
0.197,39
0.172,42
0.197,40
0.172,40
0.17,42
0.145,41
0.197,43
0.172,42
0.147,42
0.147,44
0.197,43
0.197,40
0.195,41
0.197,40
0.172,40
0.172,43
0.195,40
0.197,41
0.197,38
0.222,43
0.247,41
0.272,40
0.247,42
0.272,39
0.322,40
0.295,40
0.347,44
0.397,42
0.397,42
0.422,40
0.472,43
0.395,44
0.472,41
0.522,45
0.497,43
0.497,45
0.547,45
0.522,44
0.547,44
0.523,47
0.521,46
0.498,47
0.548,49
0.573,52
0.548,50
0.599,53
0.548,50
0.573,48
0.598,50
0.573,47
0.548,52
0.598,49
0.523,50
0.548,51
0.549,53
0.598,52
0.548,50
0.573,52
0.574,55
0.574,55
0.599,54
0.549,53
0.548,51
0.549,53
0.549,57
0.549,54
0.574,54
0.574,56
0.549,54
0.548,51
0.548,49
0.574,56
0.548,51
0.573,51
0.548,51
0.596,49
0.548,51
0.548,49
0.573,51
0.573,48
0.548,49
0.573,49
0.572,45
0.573,47
0.598,49
0.572,45
0.597,44
0.547,43
0.547,45
0.547,45
0.597,44
0.547,41
0.547,43
0.597,39
0.572,41
0.648,37
0.6,35
0.627,33
0.657,26
,
,
,
,
,
,
,
,
,
,
,
,
,
,
,
,
,
,
,
,
,
,
,
,
,
,
,
,
,
,
,
,
,
,
,
,
,
,
,
,
,
,
,
,
,
,
,
,
,
,
,
,
,
,
,
,
,
,
,
,
,
,
,
,
,
,
,
,
,
,
,
,
,
,
,
,
,
,
,
,
,
,
,
,
,
,
,
,
,
,
,
,
,
,
,
,
,
,
,
,
,
,
,
,
,
,
,
,
,
,
,
,
,
,
,
,
1.588,28
1.461,30
1.482,35
1.555,40
1.531,46
1.453,39
1.429,46
1.429,46
1.505,50
1.404,52
1.302,52
1.199,54
1.075,54
0.898,50
0.824,55
0.748,52
0.649,56
0.674,53
0.649,53
0.598,51
0.648,52
0.599,53
0.598,49
0.598,52
0.548,51
0.548,50
0.496,50
0.548,52
0.499,55
0.498,47
0.496,48
0.498,52
0.498,48
0.498,46
0.448,47
0.497,44
0.472,44
0.473,48
0.447,43
0.447,42
0.447,44
0.497,41
0.447,41
0.422,41
0.473,47
0.47,43
0.497,42
0.472,45
0.497,42
0.497,45
0.547,44
0.548,46
0.598,46
0.623,49
0.598,48
0.595,45
0.647,44
0.597,45
0.648,48
0.622,45
0.622,39
0.673,37
0.697,39
0.597,40
0.622,41
0.647,40
0.748,37
0.673,37
0.697,38
0.697,38
0.701,34
0.623,37
0.597,40
0.649,34
0.723,37
0.601,34
0.599,36
0.58,29
0.552,33
0.449,36
0.498,35
0.5,35
0.476,34
0.474,34
0.425,35
0.498,35
0.447,39
0.45,35
0.447,42
0.447,41
0.398,46
0.397,43
0.42,43
0.447,44
0.448,46
0.397,39
0.397,42
0.422,42
0.397,43
0.447,44
0.397,44
0.422,44
0.447,45
0.448,46
0.423,47
0.448,49
0.448,51
0.423,48
0.398,49
0.398,49
0.449,55
0.473,49
0.449,53
0.474,53
0.474,56
0.524,57
0.474,53
0.473,51
0.499,56
0.449,54
0.524,59
0.424,55
0.447,53
0.422,59
0.449,58
0.45,60
0.475,61
0.499,58
0.5,60
0.499,58
0.475,63
0.5,66
0.447,58
0.473,63
0.5,64
0.45,61
0.474,59
0.45,64
0.499,58
0.498,62
0.5,60
0.424,58
0.449,58
0.449,59
0.499,55
0.399,55
0.499,53
0.398,50
0.548,48
0.422,44
2.511,35
2.544,26
,
,
,
,
,
,
,
,
,
,
,
,
,
,
,
,
,
,
,
,
,
,
,
,
,
,
,
,
,
,
,
,
,
,
,
,
,
,
,
,
,
,
,
,
,
,
,
,
,
,
,
,
,
,
,
,
,
,
,
,
,
,
,
,
,
,
,
,
,
,
,
,
,
,
,
,
,
,
,
,
,
,
,
,
,
,
,
,
,
,
,
,
,
,
,
,
,
,
,
,
,
,
,
,
,
,
,
,
,
,
,
,
,
,
,
,
,
,
,
,
,
,
,
,
,
,
,
,
,
,
,
,
,
,
,
,
,
,
,
,
,
,
,
,
,
,
,
,
,
,
,
,
,
,
,
,
,
,
,
,
,
,
,
,
,
,
,
,
,
,
,
,
,
,
,
,
,
,
,
,
,
,
,
,
,
,
,
,
,
,
,
,
,
,
,
,
,
,
,
,
,
,
,
,
,
,
,
,
,
,
,
,
,
,
,
,
,
,
,
,
,
,
,
,
,
,
,
,
,
,
,
,
,
,
,
,
,
,
,
,
,
,
,
,
,
,
,
,
,
,
,
,
,
,
,
,
,
,
,
,
,
,
,
,
,
,
,
,
,
,
,
,
,
,
,
,
,
,
,
,
,
,
,
,
,
,
,
,
,
,
,
,
,
,
,
,
,
,
,
,
,
,
,
,
,
,
,
,
,
,
,
,
,
,
,
,
,
,
,
,
,
,
,
,
,
,
,
,
,
,
,
,
,
,
,
,
,
,
,
,
,
,
,
,
,
,
,
,
,
,
,
,
,
,
,
,
,
,
,
,
,
,
,
,
,
,
,
,
,
,
,
,
,
,
,
,
,
,
,
,
,
,
,
,
,
,
,
,
,
,
,
,
,
,
,
,
,
,
,
,
,
,
,
,
,
,
,
,
,
,
,
,
,
,
,
,
,
,
,
,
,
,
,
,
,
,
,
,
,
,
,
,
,
,
,
,
,
,
,
,
,
,
,
,
,
,
,
,
,
,
,
,
,
,
,
,
,
,
,
,
,
,
,
,
,
,
,
,
,
,
,
,
,
,
,
,
,
,
,
,
,
,
,
,
,
,
,
,
,
,
,
,
,
,
,
,
,
,
,
,
,
,
,
,
,
,
,
,
,
,
,
,
,
,
,
,
,
,
,
,
,
,
,
,
,
,
,
,
,
,
,
,
,
,
,
,
,
,
,
,
,
,
,
,
,
,
,
,
,
,
,
,
,
,
,
,
,
,
,
,
,
,
,
,
,
,
,
,
,
,
,
,
,
,
,
,
,
,
,
,
,
,
,
,
,
,
,
,
,
,
,
,
,
,
,
,
,
,
,
,
,
,
,
,
,
,
,
,
,
,
,
,
,
,
,
,
,
,
,
,
,
,
,
,
,
,
,
,
,
,
,
,
,
,
,
,
,
,
,
,
,
,
,
,
,
,
,
,
,
,
,
,
,
,
,
,
,
,
,
,
,
,
,
,
,
,
,
,
,
,
,
,
,
,
1.956,21
1.918,28
1.914,32
1.912,37
1.941,31
1.965,35
1.913,34
1.967,32
1.971,28
1.896,27
1.968,29
1.942,33
1.916,32
1.913,36
1.809,41
1.886,38
1.909,38
1.912,37
1.86,40
1.909,43
1.987,44
1.962,44
1.962,44
1.91,47
1.963,47
1.911,45
1.987,45
1.963,47
1.912,46
1.912,47
1.938,46
1.91,52
1.938,47
1.912,47
1.91,48
1.912,49
1.861,52
1.912,51
1.912,48
1.888,53
1.887,48
1.809,54
1.861,48
1.836,49
1.835,53
1.809,54
1.786,54
1.784,55
1.861,50
1.837,54
1.81,49
1.81,50
1.81,49
1.836,50
1.861,52
1.887,46
1.834,46
1.91,48
1.912,46
1.861,46
1.861,49
1.836,49
1.837,53
1.836,52
1.835,55
1.786,53
1.81,51
1.761,54
1.761,54
1.733,54
1.759,55
1.707,52
1.734,51
1.76,52
1.811,55
1.809,56
1.81,52
1.837,57
1.86,58
1.888,56
1.912,61
1.862,58
1.913,56
1.911,57
1.937,55
1.911,53
1.913,58
1.913,53
1.939,55
1.886,58
1.964,54
1.886,54
1.91,52
1.913,57
1.911,55
1.911,56
1.913,55
1.861,52
1.861,52
1.836,47
1.808,47
1.861,50
1.887,49
1.888,53
1.859,47
1.887,46
1.858,39
1.912,47
1.809,41
1.884,42
1.886,42
1.86,42
1.858,40
1.86,38
1.807,38
1.891,32
1.92,28
,
,
,
,
,
,
,
0.772,22
0.825,15
,
,
,
0.875,15
0.928,25
0.907,26
0.877,33
0.9,35
0.9,35
0.872,38
0.895,40
0.845,38
0.904,28
0.898,37
0.848,35
0.95,35
0.923,37
0.852,32
0.852,33
0.855,29
0.807,26
0.876,23
1.102,17
,
,
,
,
,
,
,
,
,
,
,
,
,
,
,
,
,
,
,
,
,
,
,
,
,
,
,
,
,
,
,
,
,
,
,
,
,
,
,
,
,
,
,
,
,
,
,
,
,
,
,
,
,
,
,
,
,
,
,
,
,
,
,
,
,
,
,
,
1.278,18
,
1.254,24
1.258,26
1.202,33
1.177,33
1.146,38
1.099,42
1.124,41
1.098,46
1.097,38
1.097,42
1.148,44
1.073,44
1.048,42
1.099,43
1.098,46
1.097,45
1.073,44
1.097,45
1.147,46
1.098,47
1.098,47
1.046,45
1.098,47
1.099,41
1.1,47
1.125,50
1.1,49
1.071,45
1.1,48
1.098,52
1.123,52
1.074,51
1.1,50
1.099,56
1.075,53
1.101,56
1.099,54
1.099,56
1.099,58
1.098,52
1.101,55
1.101,56
1.099,56
1.099,56
1.099,55
1.101,54
1.099,54
1.126,59
1.075,55
1.101,57
1.075,58
1.099,54
1.048,56
1.101,57
1.048,57
1.05,55
1.075,56
1.1,60
1.049,60
1.101,56
1.048,58
1.048,58
1.051,60
1.075,55
1.048,54
1.048,56
1.075,55
1.023,60
1.048,57
1.022,58
1.048,58
1.024,56
0.999,55
1.048,55
0.997,56
0.947,57
0.997,55
0.999,58
0.997,55
0.997,54
1.024,56
0.997,53
0.999,57
0.972,55
0.997,53
0.997,54
0.949,53
0.999,54
0.997,53
0.996,50
0.997,55
0.996,52
0.996,52
0.974,54
0.947,53
0.946,51
0.946,52
0.947,53
0.947,54
0.947,55
0.949,54
0.949,55
0.949,53
0.997,57
0.997,58
0.999,59
0.997,58
0.948,63
0.999,57
0.997,56
0.997,58
0.947,56
0.948,63
0.997,56
0.997,59
0.974,53
0.972,56
0.974,54
0.947,53
0.972,53
0.946,52
0.946,51
0.946,47
0.996,50
0.923,48
0.946,47
0.971,46
0.997,41
0.971,46
0.922,43
0.948,46
0.972,42
0.972,44
0.945,42
0.945,43
0.972,41
0.995,39
1.048,42
0.997,40
0.972,41
0.995,38
0.972,36
1.026,34
1.023,35
1.007,27
1.005,25
0.907,26
0.824,22
,
,
,
,
,
,
,
0.85,13
0.897,22
0.805,26
0.854,28
0.932,27
0.951,31
0.95,33
0.953,31
1.001,31
0.925,32
0.9,33
1.003,25
1.056,25
,
,
,
,
,
,
,
,
,
,
,
,
,
,
,
,
,
,
,
,
,
,
,
,
,
,
,
,
,
,
,
,
,
,
,
,
,
,
,
,
,
,
,
,
,
,
,
,
,
,
,
,
,
,
,
,
,
,
,
,
,
,
,
,
,
,
,
,
,
,
,
,
,
,
,
,
,
,
,
,
,
,
,
,
,
,
,
,
,
,
,
,
,
,
,
,
,
,
,
,
,
,
,
,
,
,
,
,
,
,
,
,
,
,
,
,
,
,
,
,
,
,
,
,
,
,
,
,
,
,
,
,
,
,
,
,
,
,
,
,
,
,
,
,
,
,
,
,
,
,
,
,
,
,
,
,
,
,
,
,
,
,
,
,
,
,
,
,
,
,
,
,
,
,
,
,
,
,
,
,
,
,
,
,
,
,
,
,
,
,
,
,
,
,
,
,
,
,
,
,
,
,
,
,
,
,
,
,
,
,
,
,
,
,
,
,
,
,
,
,
,
,
,
,
,
,
,
,
,
,
,
,
,
,
,
,
,
,
,
,
,
,
,
,
,
,
,
,
,
,
,
,
,
,
,
,
,
,
,
,
,
,
,
,
,
,
,
,
,
,
,
,
,
,
,
,
,
,
,
,
,
,
,
,
,
,
,
,
,
,
,
,
,
,
,
,
,
,
,
,
,
,
,
,
,
,
,
,
,
,
,
,
,
,
,
,
,
,
,
,
,
,
,
,
,
,
,
,
,
,
,
,
,
,
,
,
,
,
,
,
,
,
,
,
,
,
,
,
,
,
,
,
,
,
,
,
,
,
,
,
,
,
,
,
,
,
,
,
,
,
,
,
,
,
,
,
,
,
,
,
,
,
,
,
,
,
,
,
,
,
,
,
,
,
,
,
,
,
,
,
,
,
,
,
,
,
,
,
,
,
,
,
,
,
,
,
,
,
,
,
,
,
,
,
,
,
,
,
,
,
,
,
,
,
,
,
,
,
,
,
,
,
,
,
,
0.597,22
0.605,27
0.65,32
0.651,31
0.645,38
0.596,37
0.646,37
0.624,34
0.622,36
0.67,39
0.645,38
0.597,36
0.645,41
0.67,39
0.62,38
0.645,38
0.597,40
0.645,42
0.645,42
0.62,39
0.67,41
0.595,44
0.595,42
0.595,41
0.595,43
0.62,40
0.62,40
0.545,43
0.545,44
0.595,40
0.595,40
0.596,47
0.595,44
0.595,40
0.57,41
0.597,45
0.52,41
0.571,46
0.545,44
0.597,45
0.595,43
0.595,45
0.621,47
0.596,49
0.596,48
0.597,45
0.62,42
0.595,44
0.596,46
0.595,45
0.595,44
0.545,43
0.595,45
0.596,46
0.595,44
0.597,41
0.645,43
0.545,45
0.62,42
0.57,40
0.62,41
0.645,45
0.57,43
0.645,39
0.62,40
0.645,38
0.57,42
0.598,35
0.624,34
0.598,35
0.654,28
0.53,25
0.603,25
0.699,23
,
,
,
,
,
,
,
,
,
,
,
,
,
,
,
,
,
,
,
,
,
,
,
,
,
,
,
,
,
,
,
,
,
,
,
,
,
,
,
,
,
,
,
,
,
,
,
,
,
,
,
,
,
,
,
,
,
,
,
,
,
,
,
,
,
,
,
,
,
,
,
,
,
,
,
,
,
,
,
,
,
,
,
,
,
,
,
,
,
,
,
,
,
,
,
,
,
,
,
,
,
,
,
,
,
,
,
,
,
,
,
,
,
,
,
,
,
,
,
,
,
,
,
,
,
,
,
,
,
,
,
,
,
,
,
,
,
,
,
,
,
,
,
,
,
,
,
,
,
,
,
,
,
,
,
,
,
,
,
,
,
,
,
,
,
,
,
,
,
,
,
,
,
,
,
,
,
,
,
,
,
,
,
,
,
,
,
,
,
,
,
,
,
,
,
,
,
,
,
,
,
,
,
,
,
,
,
,
,
,
,
,
,
,
,
,
,
,
,
,
,
,
,
,
,
,
,
,
,
,
,
,
,
,
,
,
,
,
,
,
,
,
,
,
,
,
,
,
,
,
,
,
,
,
,
,
,
,
,
,
,
,
,
,
,
,
,
,
,
,
,
,
,
,
,
,
,
,
,
,
,
,
,
,
,
,
,
,
,
,
,
,
,
,
,
,
,
,
,
,
,
,
,
,
,
,
,
,
,
,
,
,
,
,
,
,
,
,
,
,
,
,
,
,
,
,
,
,
,
,
,
,
,
,
,
,
,
,
,
,
,
,
,
,
,
,
,
,
,
,
,
,
,
,
,
,
,
,
,
,
,
,
,
,
,
,
,
,
,
,
,
,
,
,
,
,
,
,
,
,
,
,
,
,
,
,
,
,
,
,
,
,
,
,
,
,
,
,
,
,
,
,
,
,
,
,
,
,
,
,
,
,
,
,
,
,
,
,
,
,
,
,
,
,
,
,
,
,
,
,
,
,
,
4.392,24
4.414,34
4.435,41
4.436,48
4.485,51
4.437,53
4.485,52
4.461,49
4.436,52
4.436,49
4.387,46
4.389,35
4.487,35
4.44,32
4.534,43
4.535,49
4.61,56
4.586,63
4.586,65
4.561,66
4.537,65
4.488,67
4.512,65
4.489,68
4.492,70
4.518,71
4.493,71
4.493,71
4.517,70
4.538,67
4.487,66
4.512,66
4.537,65
4.486,59
4.535,46
4.442,33
,
,
,
,
,
,
,
,
,
,
,
,
,
,
,
,
,
,
,
,
,
,
,
,
,
,
,
,
,
,
,
,
,
,
,
,
,
1.38,13
1.447,21
1.43,34
1.477,40
1.426,39
1.401,42
1.401,43
1.401,40
1.426,41
1.379,34
1.403,36
1.407,31
1.358,29
1.413,27
1.381,31
1.407,24
1.498,21
1.512,27
1.462,27
1.563,27
1.36,26
1.432,24
1.486,28
1.434,29
1.458,31
1.429,35
1.426,38
1.403,36
1.403,36
1.404,35
1.379,34
1.436,27
1.356,24
1.381,18
,
,
,
,
,
,
,
,
,
,
,
,
,
,
,
,
,
,
,
,
,
,
,
,
,
,
,
,
,
,
,
,
,
,
,
,
1.384,19
1.244,21
1.329,16
1.397,21
1.199,22
1.355,14
1.232,19
1.32,21
1.406,17
1.328,18
1.356,24
1.335,27
1.378,35
1.456,34
1.353,35
1.376,37
1.401,39
1.401,39
1.401,39
1.35,43
1.375,42
1.401,44
1.35,44
1.351,50
1.402,48
1.402,46
1.376,48
1.452,50
1.478,49
1.452,49
1.402,51
1.402,48
1.402,46
1.35,39
1.35,38
1.335,27
1.481,18
1.333,19
1.308,28
1.307,29
1.326,36
1.35,38
1.35,41
1.503,37
1.483,31
1.403,22
,
,
,
,
,
,
,
,
,
,
,
,
1.482,16
1.381,24
1.433,30
1.436,26
1.406,32
1.459,30
1.486,28
1.461,28
1.512,27
1.559,31
1.485,25
1.559,24
,
,
,
,
,
,
,
,
,
,
,
,
,
,
,
,
,
2.699,27
2.616,31
2.747,31
,
1.357,30
1.351,37
1.402,37
1.451,45
1.426,45
1.401,44
1.401,39
1.451,41
1.426,45
1.401,40
1.451,41
1.477,42
1.427,46
1.451,45
1.426,45
1.451,44
1.451,43
1.477,45
1.451,44
1.477,41
1.528,44
1.478,48
1.58,48
1.859,51
2.456,57
2.587,60
2.691,66
2.691,62
2.768,56
2.716,54
2.741,51
2.689,48
2.689,47
2.715,51
2.715,50
2.741,47
2.767,48
2.766,43
2.821,36
2.803,27
2.773,24
2.853,25
3.003,22
,
,
,
,
,
,
,
,
,
,
,
,
,
,
,
,
,
,
,
,
,
,
,
,
,
,
,
,
,
,
,
,
,
,
,
,
,
,
,
,
,
,
,
,
,
,
,
,
,
2.957,25
2.845,38
2.794,46
2.74,45
2.845,45
3.001,44
3.153,52
3.178,50
3.154,53
3.106,51
3.203,54
3.202,51
3.201,45
3.257,31
3.058,15
2.824,16
2.881,27
2.798,35
2.743,35
2.689,49
2.558,45
2.427,43
2.351,50
2.377,51
2.274,53
2.221,47
2.223,47
2.194,45
2.195,47
2.222,55
2.176,70
2.15,70
2.179,72
2.232,73
2.177,71
2.127,72
2.121,68
2.119,61
2.117,50
2.195,46
2.169,48
2.117,48
2.143,47
2.195,51
2.17,57
2.17,54
2.17,58
2.223,62
2.379,66
2.801,70
2.955,69
1.025,68
1.049,63
1.049,60
1.099,57
0.947,54
1.048,57
1.048,53
0.997,56
0.997,59
1.199,59
2.796,60
2.742,58
2.638,55
2.612,59
2.482,54
2.43,53
2.482,55
2.481,52
2.534,54
2.534,55
2.456,53
2.428,51
2.428,52
2.481,49
2.533,52
2.638,53
2.664,54
2.742,59
2.742,59
2.821,58
2.795,53
2.795,54
2.742,55
2.795,58
2.795,55
2.795,53
2.768,55
2.821,55
2.899,54
2.873,53
2.847,55
2.9,52
2.951,56
2.951,54
2.95,52
2.925,54
2.899,58
2.925,58
2.899,53
1.25,54
1.174,58
1.124,54
1.147,52
1.148,55
1.073,54
1.099,55
1.148,55
1.277,60
3.055,56
1.198,51
1.377,56
3.08,57
3.003,54
2.899,57
2.768,53
2.508,54
2.482,54
2.248,58
2.3,58
2.196,58
2.066,59
2.145,63
2.118,58
2.352,57
2.378,59
2.925,58
3.004,60
3.029,58
3.056,60
3.056,61
3.056,63
2.951,59
2.742,58
2.587,60
2.276,59
2.066,55
2.092,54
2.038,52
2.064,52
2.039,57
2.038,52
2.038,52
2.013,59
1.962,58
1.886,53
1.886,54
1.784,59
1.759,54
1.657,58
1.656,51
1.453,56
1.453,54
1.377,59
1.276,54
1.25,53
1.249,52
1.224,52
1.198,49
1.174,56
1.198,52
1.199,55
1.174,55
1.199,56
1.199,55
1.199,55
1.199,57
1.225,55
1.274,52
1.25,54
1.225,55
1.225,53
1.198,51
1.198,52
1.124,56
1.124,53
1.123,52
1.147,48
1.122,44
1.197,44
1.197,41
1.273,42
1.249,37
1.377,36
1.248,41
1.273,39
1.223,40
1.224,46
1.351,48
1.352,53
1.402,49
1.301,58
1.352,55
1.301,54
1.301,53
1.325,48
1.3,50
1.248,44
1.273,43
1.248,41
1.197,42
1.197,42
1.146,44
1.097,45
1.146,45
1.123,46
1.098,49
1.072,50
1.147,49
1.147,52
1.072,52
1.123,52
1.098,48
1.123,51
1.099,53
1.099,53
1.073,55
1.098,51
1.124,55
1.147,52
1.199,56
1.199,57
1.2,63
1.256,70
1.34,75
1.365,75
1.316,76
1.152,80
1.025,80
1.012,76
1.117,78
1.088,76
1.167,78
1.38,80
1.619,75
1.461,71
1.558,68
1.1,66
1.201,67
1.154,70
0.935,75
0.953,70
0.9,68
0.879,71
0.91,75
0.879,71
0.884,74
0.957,73
0.907,73
0.909,74
0.93,81
0.975,80
0.91,75
0.931,72
0.915,78
1.012,76
1.007,73
0.953,70
1.003,70
1.125,66
1.024,67
2.717,63
2.694,69
2.747,69
2.746,68
2.698,71
2.613,61
2.377,51
2.273,51
2.117,48
2.117,46
2.169,50
2.274,59
2.638,56
2.821,58
2.978,61
3.081,64
3.106,65
3.106,62
3.105,59
3.055,53
3.055,56
3.029,56
3.004,61
3.055,58
3.055,56
3.055,56
3.08,57
3.055,58
3.055,57
2.847,56
2.742,55
2.664,55
2.689,51
2.664,56
2.663,51
2.637,50
2.585,51
2.612,54
2.586,53
2.586,54
2.586,55
2.508,57
2.457,60
2.457,66
2.432,67
2.379,62
2.406,62
2.43,54
2.428,51
2.482,55
2.508,56
2.586,53
2.586,57
2.456,55
2.377,47
2.272,45
2.247,48
2.221,46
2.169,48
2.195,51
2.169,46
2.117,46
2.143,47
2.117,48
2.117,46
2.064,46
2.143,48
2.092,54
2.118,56
2.117,52
2.143,52
2.064,49
2.091,50
2.17,54
2.117,51
2.117,51
2.17,56
2.17,55
2.222,55
2.325,52
2.482,55
2.638,58
2.69,58
2.69,55
2.742,53
2.664,54
2.69,53
2.689,52
2.689,52
2.715,52
2.716,54
2.663,52
2.638,53
2.637,50
2.481,49
2.325,49
2.169,49
2.064,47
2.064,48
2.038,47
2.038,48
1.961,52
2.012,47
1.987,56
2.012,52
1.986,52
2.012,52
2.013,53
2.013,54
2.013,53
2.013,54
2.066,56
2.038,52
2.064,48
2.038,52
2.012,50
1.986,50
2.039,54
2.012,50
2.012,51
2.012,51
1.987,53
2.013,54
1.987,54
1.987,56
2.013,54
2.013,53
2.039,54
1.986,52
1.962,53
1.962,53
1.986,52
1.986,50
2.012,50
2.012,52
2.013,53
2.012,50
1.987,56
2.012,52
2.013,57
2.039,54
2.039,53
2.038,50
2.012,51
2.038,51
2.039,54
2.013,55
2.013,58
2.039,53
2.039,56
2.066,54
2.066,53
2.039,53
2.038,52
2.039,53
2.012,50
2.038,50
2.038,51
2.064,51
2.064,51
2.012,51
2.091,51
2.066,56
2.039,56
2.092,54
2.066,56
2.066,54
2.064,51
2.039,55
2.066,53
2.039,53
2.039,55
2.066,56
2.039,56
2.013,53
2.013,58
2.039,54
2.039,54
2.013,54
2.012,50
2.066,54
1.986,52
2.064,51
1.986,51
2.012,52
2.063,45
2.039,53
2.038,48
2.091,48
2.066,55
2.117,51
2.117,52
2.117,50
2.169,52
2.195,51
2.195,49
2.222,53
2.299,50
2.299,47
2.325,52
2.325,50
2.325,51
2.377,50
2.428,52
2.403,52
2.428,51
2.404,53
2.377,52
2.428,50
2.428,50
2.428,50
2.377,50
2.403,48
2.428,49
2.428,51
2.455,52
2.455,50
2.481,51
2.533,50
2.507,51
2.585,51
2.481,51
2.534,55
2.533,52
2.534,53
2.534,58
2.559,47
2.533,47
2.533,49
2.585,52
2.533,50
2.586,53
2.559,51
2.611,49
2.586,54
2.585,51
2.585,51
2.585,50
2.586,53
2.585,52
2.533,48
2.533,48
2.585,47
2.585,48
2.533,47
2.559,49
2.558,45
2.532,43
2.506,42
2.584,44
2.584,43
2.584,42
2.639,35
2.584,40
2.639,35
2.616,31
2.718,23
,
,
,
,
,
,
,
,
,
,
,
4.642,27
4.632,43
4.658,51
4.685,63
4.687,68
4.691,71
4.643,72
4.693,72
4.694,73
4.694,73
4.691,71
4.69,70
4.694,73
4.662,68
4.638,69
4.662,68
4.635,66
4.662,68
4.636,67
4.635,66
4.635,65
4.611,64
4.563,62
4.566,70
4.657,79
4.646,74
4.641,71
4.635,64
4.586,63
4.511,59
4.463,63
4.537,61
4.512,65
4.537,65
4.54,69
4.539,68
4.518,71
4.543,71
4.548,74
4.597,74
4.597,74
4.626,77
4.65,77
4.647,75
4.622,74
4.622,74
4.622,74
4.662,68
4.661,67
4.687,68
4.685,64
4.684,59
4.659,59
4.684,58
4.733,58
4.708,52
4.708,52
4.708,46
4.731,44
4.735,34
4.69,25
4.406,21
4.514,33
4.484,44
4.511,53
4.51,52
4.536,54
4.536,55
4.51,52
4.536,53
4.536,55
4.585,54
4.51,52
4.485,51
4.536,53
4.535,52
4.535,50
4.586,62
4.487,64
4.364,61
3.895,60
3.722,60
3.6,60
3.451,60
3.401,59
3.352,59
3.328,61
3.253,59
3.254,62
3.204,60
3.203,58
3.253,59
3.254,61
3.18,60
3.203,57
3.253,58
3.228,55
3.252,51
3.252,50
3.277,46
3.202,48
3.252,48
3.201,43
3.276,39
3.276,40
3.301,47
3.352,55
3.328,66
3.303,62
3.353,61
3.277,51
3.252,51
3.251,44
3.251,39
3.306,31
3.159,30
,
,
4.734,35
4.831,37
4.756,45
3.202,51
3.426,54
3.5,58
3.796,61
3.574,57
3.427,63
3.377,60
3.328,64
3.353,61
3.402,62
3.5,54
3.549,59
3.501,62
3.427,60
3.453,68
3.428,67
3.45,54
3.425,37
4.762,31
4.79,27
4.839,28
4.88,46
4.857,56
4.808,60
4.784,64
4.612,67
3.846,66
3.697,63
3.6,63
3.55,61
3.526,66
3.526,60
3.5,56
3.5,58
3.5,53
3.5,57
3.549,56
3.5,56
3.549,59
3.549,59
3.574,58
3.574,59
3.6,61
3.6,63
3.549,57
3.55,60
3.55,61
3.574,58
3.55,60
3.526,61
3.55,62
3.501,62
3.525,57
3.5,59
3.499,52
3.548,50
3.548,48
3.473,40
3.502,34
3.649,35
3.646,41
3.646,44
3.646,44
3.622,47
3.622,50
3.599,54
3.647,52
3.623,56
3.648,58
3.623,58
3.624,60
3.624,62
3.6,65
3.6,63
3.6,64
3.6,64
3.6,65
3.6,66
3.6,65
3.576,67
3.576,67
3.6,64
3.6,66
3.603,69
3.6,62
3.575,66
3.601,67
3.576,67
3.601,67
3.575,65
3.55,64
3.6,63
3.526,66
3.526,64
3.528,68
3.501,66
3.501,64
3.501,66
3.478,68
3.502,67
3.451,65
3.506,70
3.481,70
3.503,68
3.501,60
3.451,64
3.451,65
3.451,66
3.451,64
3.451,66
3.427,63
3.377,63
3.402,62
3.377,63
3.402,62
3.377,63
3.353,60
3.401,59
3.353,62
3.353,60
3.353,63
3.352,58
3.352,57
3.327,57
3.277,51
3.277,47
3.251,45
3.3,38
3.276,38
3.325,41
3.35,43
3.3,39
3.3,39
3.3,38
3.374,39
3.374,38
3.358,29
3.31,26
3.403,23
3.549,22
3.681,27
3.824,31
3.795,36
3.819,37
3.769,42
3.793,43
3.794,51
3.795,54
3.794,51
3.869,54
3.77,52
3.795,53
3.745,52
3.696,55
3.696,53
3.647,50
3.573,49
3.524,51
3.498,44
3.449,47
3.425,49
3.449,48
3.4,50
3.45,54
3.475,53
3.451,60
3.45,58
3.451,62
3.45,58
3.451,62
3.475,58
3.5,59
3.475,56
3.549,58
3.574,58
3.55,60
3.6,62
3.6,63
3.6,66
3.601,67
3.65,67
3.649,65
3.624,65
3.649,65
3.649,61
3.649,61
3.674,61
3.649,62
3.649,62
3.649,62
3.697,62
3.674,64
3.649,62
3.649,61
3.649,63
3.674,63
3.673,57
3.649,60
3.649,64
3.649,65
3.624,63
3.649,64
3.674,62
3.649,64
3.624,65
3.65,67
3.649,63
3.697,65
3.674,65
3.649,65
3.697,65
3.697,66
3.649,65
3.649,64
3.674,64
3.674,60
3.696,59
3.648,54
3.672,48
3.695,49
3.646,38
3.597,41
3.597,38
3.547,45
3.598,47
3.549,54
3.648,57
3.649,60
3.624,61
3.648,58
3.697,65
3.649,63
3.623,59
3.648,57
3.648,57
3.648,57
3.696,57
3.647,51
3.72,47
3.749,33
,
,
,
,
,
,
,
,
,
,
,
,
,
,
,
,
,
,
,
,
,
,
,
,
,
,
,
,
,
,
,
,
,
,
,
,
,
,
,
,
,
,
,
,
,
,
,
,
,
,
,
,
,
,
,
,
,
,
,
,
,
,
,
,
,
,
,
,
,
,
,
,
,
,
,
,
,
,
,
,
,
,
,
,
,
,
,
,
,
,
,
,
,
,
,
,
,
,
,
,
,
,
,
,
,
,
,
,
,
,
,
,
,
,
,
,
,
,
,
,
,
,
,
,
,
,
,
,
,
,
,
,
,
,
,
,
,
,
,
,
,
,
,
,
,
,
,
,
,
,
,
,
,
,
,
,
,
,
,
,
,
,
,
,
,
,
,
,
,
,
,
,
,
,
,
,
,
,
,
,
,
,
,
,
,
,
,
,
,
,
,
,
,
,
,
,
,
,
,
,
,
,
,
,
,
,
,
,
,
,
,
,
,
,
,
,
,
,
,
,
,
,
,
,
,
,
,
,
,
,
,
,
,
,
,
,
,
,
,
,
,
,
,
,
,
,
,
,
,
,
,
,
,
,
,
,
,
,
,
,
,
,
,
,
,
,
,
,
,
,
,
,
,
,
,
,
,
,
,
,
,
,
,
,
,
,
,
,
,
,
,
,
,
,
,
,
,
,
,
,
,
,
,
,
,
,
,
,
,
,
,
,
,
,
,
,
,
,
,
,
,
,
,
,
,
,
,
,
,
,
,
,
,
,
,
,
,
,
,
,
,
,
,
,
,
,
,
,
,
,
,
,
,
,
,
,
,
,
,
,
,
,
,
,
,
,
,
,
,
,
,
,
,
,
,
,
,
,
,
,
,
,
,
,
,
,
,
,
,
,
,
,
,
,
,
,
,
,
,
,
,
,
,
,
,
,
,
,
,
,
,
,
,
,
,
,
,
,
,
,
,
,
,
,
,
,
,
,
,
,
,
,
,
,
,
,
,
,
,
,
,
,
,
,
,
,
,
,
,
,
,
,
,
,
,
,
,
,
,
,
,
,
,
,
,
,
,
,
,
,
,
,
,
,
,
,
,
,
,
,
,
,
,
,
,
,
,
,
,
,
,
,
,
,
,
,
,
,
,
,
,
,
,
,
,
,
,
,
,
,
,
,
,
,
,
,
,
,
,
,
,
,
,
,
,
,
,
,
,
,
,
,
,
,
,
,
,
,
,
,
,
,
,
,
,
,
,
,
,
,
,
,
,
,
,
,
,
,
,
,
,
,
,
,
,
,
,
,
,
,
,
,
,
,
,
,
,
,
,
,
,
,
,
,
,
,
,
,
,
,
,
,
,
,
,
,
,
,
,
,
,
,
,
,
,
,
,
,
,
,
,
,
,
,
,
,
,
,
,
,
,
,
,
,
,
,
,
,
,
,
,
,
,
,
,
,
,
,
,
,
,
,
,
,
,
,
,
,
,
,
,
,
,
,
,
,
,
,
,
,
,
,
,
,
,
,
,
,
,
,
,
,
,
,
,
,
,
,
,
,
,
,
,
,
,
,
,
,
,
,
,
,
,
,
,
,
,
,
,
,
,
,
,
,
,
,
,
,
,
,
,
,
,
,
,
,
,
,
,
,
,
,
,
,
,
,
,
,
,
,
-99999999,
,
,
,
,
,
,
,
,
,
,
,
,
,
,
,
,
,
,
,
,
,
,
,
,
,
,
,
,
,
,
,
,
,
,
,
,
,
,
,
,
,
,
,
,
,
,
,
,
,
,
,
,
,
,
,
,
,
,
,
,
,
,
,
,
,
,
,
,
,
,
,
,
,
,
,
,
,
,
,
,
,
,
,
,
,
,
,
,
,
,
,
,
,
,
,
,
,
,
,
,
,
,
,
,
,
,
,
,
,
,
,
,
,
,
,
,
,
,
,
,
,
,
,
,
,
,
,
,
,
,
,
,
,
,
,
,
,
,
,
,
,
,
,
,
,
,
,
,
,
,
,
,
,
,
,
,
,
,
,
,
,
,
,
,
,
,
,
,
,
,
,
,
,
,
,
,
,
,
,
,
,
,
,
,
,
,
,
,
,
,
,
,
,
,
,
,
,
,
,
,
,
,
,
,
,
,
,
,
,
,
,
,
,
,
,
,
,
,
,
,
,
,
,
,
,
,
,
,
,
,
,
,
,
,
,
,
,
,
,
,
,
,
,
,
,
,
,
,
,
,
,
,
,
,
,
,
,
,
,
,
,
,
,
,
,
,
,
,
,
,
,
,
,
,
,
,
,
,
,
,
,
,
,
,
,
,
,
,
,
,
,
,
,
,
,
,
,
,
,
,
,
,
,
,
,
,
,
,
,
,
,
,
,
,
,
,
,
,
,
,
,
,
,
,
,
,
,
,
,
,
,
,
,
,
,
,
,
,
,
,
,
,
,
,
,
,
,
,
,
,
,
,
,
,
,
,
,
,
,
,
,
,
,
,
,
,
,
,
,
,
,
,
,
,
,
,
,
,
,
,
,
,
,
,
,
,
,
,
,
,
,
,
,
,
,
,
,
,
,
,
,
,
,
,
,
,
,
,
,
,
,
,
,
,
,
,
,
,
,
,
,
,
,
,
,
,
,
,
,
,
,
,
,
,
,
,
,
,
,
,
,
,
,
,
,
,
,
,
,
,
,
,
,
,
,
,
,
,
,
,
,
,
,
,
,
,
,
,
,
,
,
,
,
,
,
,
,
,
,
,
,
,
,
,
,
,
,
,
,
,
,
,
,
,
,
,
,
,
,
,
,
,
,
,
,
,
,
,
,
,
,
,
,
,
,
,
,
,
,
,
,
,
,
,
,
,
,
,
,
,
,
,
,
,
,
,
,
,
,
,
,
,
,
,
,
,
,
,
,
,
,
,
,
,
,
,
,
,
,
,
,
,
,
,
,
,
,
,
,
,
,
,
,
,
,
,
,
,
,
,
,
,
,
,
,
,
,
,
,
,
,
,
,
,
,
,
,
,
,
,
,
,
,
,
,
,
,
,
,
,
,
,
,
,
,
,
,
,
,
,
,
,
,
,
,
,
,
,
,
,
,
,
,
,
,
,
,
,
,
,
,
,
,
,
,
,
,
,
,
,
,
,
,
,
,
,
,
,
,
,
,
,
,
,
,
,
,
,
,
,
,
,
,
,
,
,
,
,
,
,
,
,
,
,
,
,
,
,
,
,
,
,
,
,
,
,
,
,
,
,
,
,
,
,
,
,
,
,
,
,
,
,
,
,
,
,
,
,
,
,
,
,
,
,
,
,
,
,
,
,
,
,
,
,
,
,
,
,
,
,
,
,
,
,
,
,
,
,
,
,
,
,
,
,
,
,
,
,
,
,
,
,
,
,
,
,
,
,
,
,
,
,
,
,
,
,
,
,
,
,
,
,
,
,
,
,
,
,
,
,
,
,
0.225,17
0.235,20
0.249,23
0.274,23
0.301,24
0.316,21
0.403,25
0.403,25
,
,
,
,
,
0.185,20
0.141,21
0.155,26
0.151,24
0.105,26
0.203,25
0.177,30
0.222,22
0.228,25
0.33,27
0.191,21
,
,
,
,
,
,
,
,
,
,
,
,
,
,
,
,
,
,
,
,
,
,
,
,
,
,
,
0.366,21
0.374,18
,
0.349,18
0.3,14
0.304,19
0.36,20
0.225,17
0.424,18
0.349,23
0.353,25
0.355,26
0.347,22
0.253,25
0.28,27
0.254,28
0.254,28
0.305,27
0.252,30
0.228,29
0.304,28
0.251,31
0.253,29
0.304,28
0.277,30
0.3,33
0.323,35
0.225,32
0.35,33
0.3,33
0.348,35
0.323,35
0.3,32
0.32,39
0.297,36
0.372,36
0.32,39
0.295,40
0.32,42
0.345,43
0.345,45
0.295,42
0.345,43
0.32,45
0.32,43
0.345,44
0.345,45
0.37,45
0.345,42
0.296,49
0.321,49
0.32,45
0.321,48
0.345,45
0.346,46
0.295,45
0.321,46
0.295,45
0.32,44
0.321,48
0.296,48
0.271,48
0.296,50
0.296,50
0.295,45
0.296,47
0.271,48
0.296,46
0.296,46
0.346,47
0.346,48
0.296,49
0.345,45
0.295,45
0.296,49
0.22,45
0.295,43
0.22,40
0.145,40
0.145,41
0.12,40
0.12,38
0.145,42
0.145,40
0.145,42
0.195,45
0.17,41
0.195,45
0.22,43
0.245,42
0.22,42
0.245,44
0.22,43
0.27,41
0.195,43
0.195,42
0.195,41
0.195,41
0.195,40
0.145,40
0.171,37
0.145,41
0.12,42
0.146,46
0.146,47
0.146,48
0.121,49
0.097,53
0.121,52
0.121,52
0.097,53
0.146,51
0.122,53
0.121,52
0.146,52
0.146,49
0.097,54
0.146,51
0.146,51
0.146,51
0.121,52
,
0.096,49
0.146,51
,
0.146,49
0.146,48
0.097,54
0.196,48
0.12,44
0.121,49
,
0.096,46
0.145,45
,
,
0.146,47
0.121,47
0.145,45
0.095,42
0.121,46
0.12,44
0.095,43
0.146,49
0.096,47
0.145,44
0.121,46
0.146,46
0.095,43
0.146,48
0.145,45
0.12,43
0.121,48
0.121,46
0.146,47
0.12,44
0.146,47
0.095,45
0.096,50
0.146,50
0.121,49
0.147,54
0.147,56
0.098,60
0.097,55
0.122,59
0.147,59
0.097,59
0.148,62
0.147,58
0.122,59
0.147,57
0.148,65
0.148,60
0.098,61
0.123,60
0.122,58
0.147,56
0.147,59
0.123,66
0.148,64
0.148,62
0.098,64
0.148,64
0.123,60
0.148,62
0.123,62
0.123,65
0.099,67
0.148,62
0.148,65
0.123,64
0.124,67
0.149,67
0.099,67
0.149,67
0.103,70
0.149,67
0.129,71
0.125,68
0.123,66
0.148,66
0.148,64
0.148,66
0.156,72
0.148,65
0.123,66
0.123,64
0.148,64
0.148,63
0.148,64
0.148,64
0.148,65
0.123,60
0.098,62
0.123,66
0.148,63
0.148,61
0.098,62
0.098,64
0.148,64
0.098,65
0.123,66
0.098,60
0.148,63
0.148,61
0.123,62
0.126,69
0.148,62
0.123,61
0.148,61
0.148,60
0.148,62
0.148,62
0.148,62
0.172,58
0.197,54
0.197,54
0.197,54
0.196,52
0.196,50
0.172,54
0.197,57
0.222,56
0.122,55
0.122,56
0.172,57
0.122,58
0.122,59
0.122,57
0.096,48
0.096,52
0.147,53
0.121,48
0.196,50
0.195,39
0.245,40
0.271,37
0.245,41
0.247,36
0.195,40
0.171,47
0.196,51
0.247,57
0.197,57
0.248,63
0.273,62
0.223,65
0.298,61
0.298,63
0.273,61
0.247,58
0.297,57
0.272,59
0.298,60
0.272,59
0.297,57
0.297,56
0.297,55
0.247,55
0.272,53
0.271,49
0.246,51
0.247,56
0.222,55
0.247,53
0.297,56
0.297,56
0.322,53
0.271,52
0.296,50
0.296,50
0.322,59
0.297,55
0.297,53
0.296,52
0.322,57
0.297,56
0.347,57
0.347,53
0.346,52
0.321,52
0.396,50
0.346,51
0.396,51
0.397,55
0.396,48
0.421,46
0.396,52
0.446,50
0.421,51
0.446,50
0.446,52
0.471,48
0.496,47
0.446,48
0.446,48
0.446,50
0.496,52
0.471,49
0.447,54
0.496,46
0.446,50
0.471,52
0.496,51
0.472,55
0.496,50
0.497,53
0.497,56
0.497,57
0.447,56
0.497,58
0.523,64
0.498,61
0.498,63
0.497,56
0.498,64
0.498,60
0.548,63
0.522,59
0.523,62
0.548,62
0.523,61
0.522,59
0.498,66
0.498,60
0.547,59
0.499,67
0.522,59
0.572,58
0.522,55
0.546,52
0.522,58
0.497,55
0.472,56
0.522,55
0.547,57
0.547,58
0.496,52
0.547,54
0.546,50
0.496,49
0.496,51
0.445,43
0.446,47
0.495,43
0.47,45
0.496,47
0.546,48
0.546,46
0.521,47
0.496,50
0.546,49
0.496,49
0.546,51
0.546,52
0.596,52
0.596,47
0.57,44
0.62,40
0.505,27
0.4,17
0.454,19
0.391,21
0.324,18
0.341,21
0.447,22
0.399,18
0.397,22
0.401,24
0.43,26
0.374,23
0.328,25
0.28,26
0.404,28
0.405,27
0.351,24
0.353,29
0.398,35
0.385,20
0.499,23
0.355,26
0.354,28
0.278,25
0.453,25
0.451,24
0.403,25
0.403,29
0.377,30
0.447,22
0.428,29
0.326,24
0.497,22
0.33,27
0.477,30
0.474,34
0.57,43
0.595,44
0.596,46
0.599,34
0.501,24
,
,
0.478,25
0.554,28
0.545,40
0.545,40
0.545,39
0.496,37
0.496,37
0.453,29
0.429,28
0.355,27
0.354,28
0.355,26
0.355,27
0.375,32
0.302,30
0.396,37
0.295,38
0.375,33
0.297,36
0.322,36
0.321,37
0.272,36
0.345,40
0.295,41
0.27,40
0.295,39
0.345,41
0.345,42
0.345,43
0.27,41
0.295,38
0.37,44
0.295,43
0.345,42
0.295,43
0.371,37
0.295,45
0.295,39
0.37,38
0.297,36
0.245,42
0.298,35
0.297,36
0.326,31
0.348,35
0.305,26
0.426,24
0.347,22
0.299,23
0.329,19
0.379,19
0.401,24
0.391,21
0.349,18
,
,
,
,
,
,
,
,
,
,
,
,
,
0.35,16
,
,
0.441,21
,
0.4,16
,
,
,
,
,
,
,
,
,
,
,
,
,
,
,
,
,
,
,
,
,
,
,
,
,
,
,
,
,
,
,
,
,
,
,
,
,
,
0.4,17
0.272,22
0.251,31
0.202,30
0.296,37
0.299,34
0.22,39
0.32,44
0.245,42
0.17,43
0.22,44
0.245,41
0.322,36
0.35,32
0.304,28
0.305,26
0.345,39
0.246,46
0.246,47
0.245,43
0.296,51
0.246,47
0.196,49
0.173,35
,
,
,
,
,
,
,
,
,
,
,
,
,
,
,
,
,
,
,
,
,
,
,
,
,
,
,
,
,
,
,
,
,
,
,
,
,
,
,
,
,
,
,
,
,
,
,
,
,
,
,
,
,
,
,
,
,
,
,
,
,
,
,
,
,
,
,
,
,
,
,
,
,
,
,
,
,
,
,
,
,
,
,
,
,
,
,
,
,
,
,
,
,
,
,
,
,
,
,
,
,
,
,
,
,
,
,
,
,
,
,
,
,
,
,
,
,
,
,
,
,
,
,
,
,
,
,
,
,
,
,
,
,
,
,
,
,
,
,
,
,
,
,
,
,
,
,
,
,
,
,
,
,
,
,
,
,
,
,
,
,
,
,
,
,
,
,
,
,
,
,
,
,
,
,
,
,
,
,
,
,
,
,
,
,
,
,
,
,
,
,
,
,
,
,
,
,
,
,
,
,
,
,
,
,
,
,
,
,
,
,
,
,
,
,
,
,
,
,
,
,
,
,
,
,
,
,
,
,
,
,
,
,
,
,
,
,
,
,
,
,
,
,
,
,
,
,
,
,
,
,
,
,
,
,
,
,
,
,
,
,
,
,
,
,
,
,
,
,
,
,
,
,
,
,
,
,
,
,
,
,
,
,
,
,
,
,
,
,
,
,
,
,
,
,
,
,
,
,
,
,
,
,
,
,
,
,
,
,
,
,
,
,
,
,
,
,
,
,
,
,
,
,
,
,
,
,
,
,
,
,
,
,
,
,
,
,
,
,
,
,
,
,
,
,
,
,
,
,
,
,
,
,
,
,
,
,
,
,
,
,
,
,
,
,
,
,
,
,
,
,
,
,
,
,
,
,
,
,
,
,
,
,
,
,
,
,
,
,
,
,
,
,
,
,
,
,
,
,
,
,
,
,
,
,
,
,
,
,
,
,
,
,
,
,
,
,
,
,
,
,
,
,
,
,
,
,
,
,
,
,
,
,
,
,
,
,
,
,
,
,
,
,
,
,
,
,
,
,
,
,
,
,
,
,
,
,
,
,
,
,
,
,
,
,
,
,
,
,
,
,
,
,
,
,
,
,
,
,
,
,
,
,
,
,
,
,
,
,
,
,
,
,
,
,
,
,
,
,
,
,
,
,
,
,
,
,
,
,
,
,
,
,
,
,
,
,
,
,
,
,
,
,
,
,
,
,
,
,
,
,
,
,
,
,
,
,
,
,
,
,
,
,
,
,
,
,
,
,
,
,
,
,
,
,
,
,
,
,
,
,
,
,
,
,
,
,
,
,
,
,
,
,
,
,
,
,
,
,
,
,
,
,
,
,
,
,
,
,
,
,
,
,
,
,
,
,
,
,
,
,
,
,
,
,
,
,
,
,
,
,
,
,
,
,
,
,
,
,
,
,
,
,
,
,
,
,
,
,
,
,
,
,
,
,
,
,
,
,
,
,
,
,
,
,
,
,
,
,
,
,
,
,
,
,
,
,
,
,
,
,
,
,
,
,
,
,
,
,
,
,
,
,
,
,
,
,
,
,
,
,
,
,
,
,
,
,
,
,
,
,
,
,
,
,
,
,
,
,
,
,
,
,
,
,
,
,
,
,
,
,
,
,
,
,
,
,
,
,
,
,
,
,
,
,
,
,
,
,
,
,
,
,
,
,
,
,
,
,
,
,
,
,
,
,
,
,
,
,
,
,
,
,
,
,
,
,
,
,
,
,
,
,
,
,
,
,
,
,
,
,
,
,
,
,
,
,
,
,
,
,
,
,
,
,
,
,
,
,
,
,
,
,
,
,
,
,
,
,
,
,
,
,
,
,
,
,
,
,
,
,
,
,
,
,
,
,
,
,
,
,
0.351,24
0.355,27
0.274,23
0.352,30
0.255,27
0.273,35
0.298,35
0.297,36
0.295,38
0.296,37
0.295,40
0.295,40
0.245,42
0.27,41
0.27,42
0.245,40
0.345,39
0.345,41
0.32,40
0.32,39
0.295,44
0.345,42
0.321,48
0.295,41
0.32,43
0.27,41
0.32,38
0.32,39
0.345,39
0.32,39
0.295,39
0.274,34
0.3,33
0.328,29
0.353,29
0.277,30
0.366,21
0.3,17
0.36,20
0.335,20
,
,
,
,
,
,
,
,
,
,
,
,
,
,
,
,
,
,
,
,
,
,
,
,
,
,
,
,
,
,
,
,
,
,
,
,
,
,
,
,
,
,
,
,
,
,
,
,
,
,
,
,
,
,
,
,
,
,
,
,
,
,
,
,
,
,
,
,
,
,
,
,
,
,
,
,
,
,
,
,
,
,
,
,
,
,
,
,
,
,
,
,
,
,
,
,
,
,
,
,
,
,
,
,
,
,
,
,
,
,
,
,
,
,
,
,
,
,
,
,
,
,
,
,
,
,
,
,
,
,
,
,
,
,
,
,
,
,
,
,
,
,
,
,
,
,
,
,
,
,
,
,
,
,
,
,
,
,
,
,
,
,
,
,
,
,
,
,
,
,
,
,
,
,
,
,
,
,
,
,
,
,
,
,
,
,
,
,
,
,
,
,
,
,
,
,
,
,
,
,
,
,
,
,
,
,
,
,
,
,
,
,
,
,
,
,
,
,
,
,
,
,
,
,
,
,
,
,
,
,
,
,
,
,
,
,
,
,
,
,
,
,
,
,
,
,
,
,
,
,
,
,
,
,
,
,
,
,
,
,
,
,
,
,
,
,
,
,
,
,
,
,
,
,
,
,
,
,
,
,
,
,
,
,
,
,
,
,
,
,
,
,
,
,
,
,
,
,
,
,
,
,
,
,
,
,
,
,
,
,
,
,
,
,
,
,
,
,
,
,
,
,
,
,
,
,
,
,
,
,
,
,
,
,
,
,
,
,
,
,
,
,
,
,
,
,
,
,
,
,
,
,
,
,
,
,
,
,
,
,
,
,
,
,
,
,
,
,
,
,
,
,
,
,
,
,
,
,
,
,
,
,
,
,
,
,
,
,
,
,
,
,
,
,
,
,
,
,
,
,
,
,
,
,
,
,
,
,
,
,
,
,
,
,
,
,
,
,
,
,
,
,
,
,
,
,
,
,
,
,
,
,
,
,
,
,
,
,
,
,
,
,
,
,
,
,
,
,
,
,
,
,
,
,
,
,
,
,
,
,
,
,
,
,
,
,
,
,
,
,
,
,
,
,
,
,
,
,
,
,
,
,
,
,
,
,
,
,
,
,
,
,
,
,
,
,
,
,
,
,
,
,
,
,
,
,
,
,
,
,
,
,
,
,
,
,
,
,
,
,
,
,
,
,
,
,
,
,
,
,
,
,
,
,
,
,
,
,
,
,
,
,
,
,
,
,
,
,
,
,
,
,
,
,
,
,
,
,
,
,
,
,
,
,
,
,
,
,
,
,
,
,
,
,
,
,
,
,
,
,
,
,
,
,
,
,
,
,
,
,
,
,
,
,
,
,
,
,
,
,
,
,
,
,
,
,
,
,
,
,
,
,
,
,
,
,
,
,
,
,
,
,
,
,
,
,
,
,
,
,
,
,
,
,
,
,
,
,
,
,
,
,
,
,
,
,
,
,
,
,
,
,
,
,
,
,
,
,
,
,
,
,
,
,
,
,
,
,
,
,
,
,
,
,
,
,
,
,
,
,
,
,
,
,
,
,
,
,
,
,
,
,
,
,
,
,
,
,
,
,
,
,
,
,
,
,
,
,
,
,
,
,
,
,
,
,
,
,
,
,
,
,
,
,
,
,
,
,
,
,
,
,
,
,
,
,
,
,
,
,
,
,
,
,
,
,
,
,
,
,
,
,
,
,
,
,
,
,
,
,
,
,
,
,
,
,
,
,
,
,
,
,
,
,
,
,
,
,
,
,
,
,
,
,
,
,
,
,
,
,
,
,
,
,
,
,
,
,
,
,
,
,
,
,
,
,
,
,
,
,
,
,
,
,
,
,
,
,
,
,
,
,
,
,
,
,
,
,
,
,
,
,
,
,
,
,
,
,
,
,
,
,
,
,
,
,
,
,
,
,
,
,
,
,
1.307,29
1.503,37
1.555,36
1.604,38
1.561,29
1.611,30
1.612,25
,
,
,
,
,
,
,
1.886,22
1.965,32
1.913,34
1.909,38
1.939,34
1.965,32
1.938,35
1.968,29
2.042,34
2.021,28
1.994,29
2.018,31
2.014,35
2.018,31
1.961,37
1.941,31
1.964,34
1.941,31
1.988,35
1.962,36
2.04,35
1.914,33
2.016,33
1.965,32
1.969,28
2.046,29
1.964,34
2.011,38
1.99,32
1.964,34
1.964,34
2.021,28
1.94,33
1.94,33
1.967,30
1.889,32
1.969,28
1.965,32
1.945,27
1.97,27
2.018,24
,
,
,
,
,
,
,
,
,
,
,
,
,
,
,
,
,
,
,
,
,
,
,
,
,
,
,
,
,
,
,
,
,
,
,
,
,
,
,
,
,
,
,
,
,
,
,
,
,
,
,
,
,
,
,
,
,
,
,
,
,
,
,
,
,
,
,
,
,
,
,
,
,
,
,
,
,
,
,
,
,
,
,
,
,
,
,
,
,
,
,
,
,
,
,
,
,
,
,
,
,
,
,
,
,
,
,
,
,
2.28,25
2.17,22
2.23,26
2.121,33
2.095,33
2.091,37
2.091,37
2.119,35
2.173,33
2.119,35
2.124,25
2.294,21
,
,
,
,
,
,
,
,
,
,
,
,
,
,
,
,
,
,
,
,
,
,
,
,
,
,
,
,
,
,
,
,
,
,
,
,
,
,
,
,
,
,
,
,
,
,
,
,
,
,
,
,
,
,
,
,
,
,
,
,
,
,
,
,
,
,
,
,
,
,
,
1.498,21
1.536,25
1.589,26
1.561,29
1.58,37
1.554,37
1.583,34
1.528,39
1.531,35
1.453,36
1.557,34
1.509,30
1.457,32
1.534,31
1.559,24
1.435,19
,
,
,
,
,
,
,
,
,
,
,
,
,
,
,
1.304,13
1.657,22
1.535,30
1.502,41
1.554,46
1.604,43
1.655,39
1.607,35
1.685,32
1.638,29
1.587,29
1.561,25
1.613,19
1.533,12
,
,
1.557,18
1.559,24
1.612,25
1.606,36
1.558,32
1.605,37
1.604,39
1.604,38
1.604,40
1.629,43
1.655,43
1.655,38
1.608,34
1.66,32
1.612,25
,
,
,
,
,
,
,
,
,
,
,
,
,
,
,
,
,
,
,
,
,
,
,
,
,
,
,
,
,
,
,
,
,
,
,
,
,
,
,
,
,
,
,
,
,
,
,
,
,
,
,
,
,
,
,
,
,
,
,
,
,
,
,
,
,
,
,
,
,
,
,
,
,
,
,
,
,
,
,
,
,
,
,
,
,
,
,
,
,
,
,
,
,
,
,
,
,
,
,
,
,
,
,
,
,
,
,
,
,
,
,
,
,
,
,
,
,
,
,
,
,
,
,
,
,
,
,
,
,
,
,
,
,
,
,
,
,
,
,
,
,
,
,
,
,
,
,
,
,
,
,
,
,
,
,
,
,
,
,
,
,
,
,
,
,
,
,
,
,
,
,
,
,
,
,
,
,
,
,
,
,
,
,
,
,
,
,
,
,
,
,
,
,
,
,
,
,
,
,
,
,
,
,
,
,
,
,
,
,
,
,
,
,
,
,
,
,
,
,
,
,
,
,
,
,
,
,
,
,
,
,
,
,
,
,
,
,
,
,
,
,
,
,
,
,
,
,
,
,
,
,
,
,
,
,
,
,
,
,
,
,
,
,
,
,
,
,
,
,
,
,
,
,
,
,
,
,
,
,
,
,
,
,
,
,
,
,
,
,
,
,
,
,
,
,
,
,
,
,
,
,
,
,
,
,
,
,
,
,
,
,
,
,
,
,
,
,
,
,
,
,
,
,
,
,
,
,
,
,
,
,
,
,
,
,
,
,
,
,
,
,
,
,
,
,
,
,
,
,
,
,
,
,
,
,
,
,
,
,
,
,
,
,
,
,
,
,
,
,
,
,
,
,
,
,
,
,
,
,
,
,
,
,
,
,
,
,
,
,
,
,
,
,
,
,
,
,
,
,
,
,
,
,
,
,
,
,
,
,
,
,
,
,
,
,
,
,
,
,
,
,
,
,
,
,
,
,
,
,
,
,
,
,
,
,
,
,
,
,
,
,
,
,
,
,
,
,
,
,
,
,
,
,
,
,
,
,
,
,
,
,
,
,
,
,
,
,
,
,
,
,
,
,
,
,
,
,
,
,
,
,
,
,
,
,
,
,
,
,
,
,
,
,
,
,
,
,
,
,
,
,
,
,
,
,
,
,
,
,
,
,
,
,
,
,
,
,
,
,
,
,
,
,
,
,
,
,
,
,
,
,
,
,
,
,
,
,
,
,
,
,
,
,
,
,
,
,
,
,
,
,
,
,
,
,
,
,
,
,
,
,
,
,
,
,
,
,
,
,
,
,
,
,
,
,
,
,
,
,
,
,
,
,
,
,
,
,
,
,
,
,
,
,
,
,
,
,
,
,
,
,
,
,
,
,
,
,
,
,
,
,
,
,
,
,
,
,
,
,
,
,
,
,
,
,
,
,
,
,
,
,
,
,
,
,
,
,
,
,
,
,
,
,
,
,
,
,
,
,
,
,
,
,
,
,
,
,
,
,
,
,
,
,
,
,
,
,
,
,
,
,
,
,
,
,
,
,
,
,
,
,
,
,
,
,
,
,
,
,
,
,
,
,
,
,
,
,
,
,
,
,
,
,
,
,
,
,
,
,
,
,
,
,
,
,
,
,
,
,
,
,
,
,
,
,
,
,
,
,
,
,
,
,
,
,
,
,
,
,
,
,
,
,
,
,
,
,
,
,
,
,
,
,
,
,
,
,
,
,
,
,
,
,
,
,
,
,
,
,
,
,
,
,
,
,
,
,
,
,
,
,
,
,
,
,
,
,
,
,
,
,
,
,
,
,
,
,
,
,
,
,
,
,
,
,
,
,
,
,
,
,
,
,
,
,
,
,
,
,
,
,
,
,
,
,
,
,
,
,
,
,
,
,
,
,
,
,
,
,
,
,
,
,
,
,
,
,
,
,
,
,
,
,
,
,
,
,
,
,
,
,
,
,
,
,
,
,
,
,
,
,
,
,
,
,
,
,
,
,
,
,
,
,
,
,
,
,
,
,
,
,
,
,
,
,
,
,
,
,
,
,
,
,
,
,
,
,
,
,
,
,
,
,
,
,
,
,
,
,
,
,
,
,
,
,
,
,
,
,
,
,
,
,
,
,
,
,
,
,
,
,
,
,
,
,
,
,
,
,
,
,
,
,
,
,
,
,
,
,
,
,
,
,
,
,
,
,
,
,
,
,
,
,
,
,
,
,
,
,
,
,
,
,
,
,
,
,
,
,
,
,
,
,
,
,
,
,
,
,
,
,
,
,
,
,
,
,
,
,
,
,
,
,
,
,
,
,
,
,
,
,
,
,
,
,
,
,
,
,
,
,
,
,
,
,
,
,
,
,
,
,
,
,
,
,
,
,
,
,
,
,
,
,
,
,
,
,
,
,
,
,
,
,
,
,
,
,
,
,
,
,
,
,
,
,
,
,
,
,
,
,
,
,
,
,
,
,
,
,
,
,
,
,
,
,
,
,
,
,
,
,
,
,
,
,
,
,
,
,
,
,
,
,
,
,
,
,
,
,
,
,
,
,
,
,
,
,
,
,
,
,
,
,
,
,
,
,
,
,
,
,
,
,
,
,
,
,
,
,
,
,
,
,
,
,
,
,
,
,
,
,
,
,
,
,
,
,
,
,
,
,
,
,
,
,
,
,
,
,
,
,
,
,
,
,
,
,
,
,
,
,
,
,
,
,
,
,
,
,
,
,
,
,
,
,
,
,
,
,
,
,
,
,
,
,
,
,
,
,
,
,
,
,
,
,
,
,
,
,
,
,
,
,
,
,
,
,
,
,
,
,
,
,
,
,
,
,
,
,
,
,
,
,
,
,
,
,
,
,
,
,
,
,
,
,
,
,
,
,
,
,
,
,
,
,
,
,
,
,
,
,
,
,
,
,
,
,
,
,
,
,
,
,
,
,
,
,
,
,
,
,
,
,
,
,
,
,
,
,
,
,
,
,
,
,
,
,
,
,
,
,
,
,
,
,
,
,
,
,
,
,
,
,
,
,
,
,
,
,
,
,
,
,
,
,
,
,
,
,
,
,
,
,
,
,
,
,
,
,
,
,
,
,
,
,
,
,
,
,
,
,
,
,
,
,
,
,
,
,
,
,
,
,
,
,
,
,
,
,
,
,
,
,
,
,
,
,
,
,
,
,
,
,
,
,
,
,
,
,
,
,
,
,
,
,
,
,
,
,
,
,
,
,
,
,
,
,
,
,
,
,
,
,
,
,
,
,
,
,
,
,
,
,
,
,
,
,
,
,
,
,
,
,
,
,
,
,
,
,
,
,
,
,
,
,
,
,
,
,
,
,
,
,
,
,
,
,
,
,
,
,
,
,
,
,
,
,
,
,
,
,
,
,
,
,
,
,
,
,
,
,
,
,
,
,
,
,
,
,
,
,
,
,
,
,
,
,
,
,
,
,
,
,
,
,
,
,
,
,
,
,
,
,
,
,
,
,
,
,
,
,
,
,
,
,
,
,
,
,
,
,
,
,
,
,
,
,
,
,
,
,
,
,
,
,
,
,
,
,
,
,
,
,
,
,
,
,
,
,
,
,
,
,
,
,
,
,
,
,
,
,
,
,
,
,
,
,
,
,
,
,
,
,
,
,
,
,
,
,
,
,
,
,
,
,
,
,
,
,
,
,
,
,
,
,
-99999999,
,
,
,
,
,
,
,
,
,
,
,
,
,
,
,
,
,
,
,
,
,
,
,
,
,
,
,
,
,
,
,
,
,
,
,
,
,
,
,
,
,
,
,
,
,
,
,
,
,
,
,
,
,
,
,
,
,
,
,
,
,
,
,
,
,
,
,
,
,
,
,
,
,
,
,
,
,
,
,
,
,
,
,
,
,
,
,
,
,
,
,
,
,
,
,
,
,
,
,
,
,
,
,
,
,
,
,
,
,
,
,
,
,
,
,
,
,
,
,
,
,
,
,
,
,
,
,
,
,
,
,
,
,
,
,
,
,
,
,
,
,
,
,
,
,
,
,
,
,
,
,
,
,
,
,
,
,
,
,
,
,
,
,
,
,
,
,
,
,
,
,
,
,
,
,
,
,
,
,
,
,
,
,
,
,
,
,
,
,
,
,
,
,
,
,
,
,
,
,
,
,
,
,
,
,
,
,
,
,
,
,
,
,
,
,
,
,
,
,
,
,
,
,
,
,
,
,
,
,
,
,
,
,
,
,
,
,
,
,
,
,
,
,
,
,
,
,
,
,
,
,
,
,
,
,
,
,
,
,
,
,
,
,
,
,
,
,
,
,
,
,
,
,
,
,
,
,
,
,
,
,
,
,
,
,
,
,
,
,
,
,
,
,
,
,
,
,
,
,
,
,
,
,
,
,
,
,
,
,
,
,
,
,
,
,
,
,
,
,
,
,
,
,
,
,
,
,
,
,
,
,
,
,
,
,
,
,
,
,
,
,
,
,
,
,
,
,
,
,
,
,
,
,
,
,
,
,
,
,
,
,
,
,
,
,
,
,
,
,
,
,
,
,
,
,
,
,
,
,
,
,
,
,
,
,
,
,
,
,
,
,
,
,
,
,
,
,
,
,
,
,
,
,
,
,
,
,
,
,
,
,
,
,
,
,
,
,
,
,
,
,
,
,
,
,
,
,
,
,
,
,
,
,
,
,
,
,
,
,
,
,
,
,
,
,
,
,
,
,
,
,
,
,
,
,
,
,
,
,
,
,
,
,
,
,
,
,
,
,
,
,
,
,
,
,
,
,
,
,
,
,
,
,
,
,
,
,
,
,
,
,
,
,
,
,
,
,
,
,
,
,
,
,
,
,
,
,
,
,
,
,
,
,
,
,
,
,
,
,
,
,
,
,
,
,
,
,
,
,
,
,
,
,
,
,
,
,
,
,
,
,
,
,
,
,
,
,
,
,
,
,
,
,
,
,
,
,
,
,
,
,
,
,
,
,
,
,
,
,
,
,
,
,
,
,
,
,
,
,
,
,
,
,
,
,
,
,
,
,
,
,
,
,
,
,
,
,
,
,
,
,
,
,
,
,
,
,
,
,
,
,
,
,
,
,
,
,
,
,
,
,
,
,
,
,
,
,
,
,
,
,
,
,
,
,
,
,
,
,
,
,
,
,
,
,
,
,
,
,
,
,
,
,
,
,
,
,
,
,
,
,
,
,
,
,
,
,
,
,
,
,
,
,
,
,
,
,
,
,
,
,
,
,
,
,
,
,
,
,
,
,
,
,
,
,
,
,
,
,
,
,
,
,
,
,
,
,
,
,
,
,
,
,
,
,
,
,
,
,
,
,
,
,
,
,
,
,
,
,
,
,
,
,
,
,
,
,
,
,
,
,
,
,
,
,
,
,
,
,
,
,
,
,
,
,
,
,
,
,
,
,
,
,
,
,
,
,
,
,
,
,
,
,
,
,
,
,
,
,
,
,
,
,
,
,
,
,
,
,
,
,
,
,
,
,
,
,
,
,
,
,
,
,
,
,
,
,
,
,
,
,
,
,
,
,
,
,
,
,
,
,
,
,
,
,
,
,
,
,
,
,
,
,
,
,
,
,
,
,
,
,
,
,
,
,
,
,
,
,
,
,
,
,
,
,
,
,
,
,
,
,
,
,
,
,
,
,
,
,
,
,
,
,
,
,
,
,
,
,
,
,
,
,
,
,
,
,
,
,
,
,
,
,
,
,
,
,
,
,
,
,
,
,
,
,
,
,
,
,
,
,
,
,
,
,
,
,
,
,
,
,
,
,
,
,
,
,
,
,
,
,
,
,
,
,
,
,
,
,
,
,
,
,
,
,
,
,
,
,
,
,
,
,
,
,
,
,
,
,
,
,
,
,
,
,
,
,
,
,
,
,
,
,
,
,
,
,
,
,
,
,
,
,
,
,
,
,
,
,
,
,
,
,
,
,
,
,
,
,
,
,
,
,
,
,
,
,
,
,
,
,
,
,
,
,
,
,
,
,
,
,
,
,
,
,
,
,
,
,
,
,
,
,
,
,
,
,
,
,
,
,
,
,
,
,
,
,
,
,
,
,
,
,
,
,
,
,
,
,
,
,
,
,
,
,
,
,
,
,
,
,
,
,
,
,
,
,
,
,
,
,
,
,
,
,
,
,
,
,
,
,
,
,
,
,
,
,
,
,
,
,
,
,
,
,
,
,
,
,
,
,
,
,
,
,
,
,
,
,
,
,
,
,
,
,
,
,
,
,
,
,
,
,
,
,
,
,
,
,
,
,
,
,
,
,
,
,
,
,
,
,
,
,
,
,
,
,
,
,
,
,
,
,
,
,
,
,
,
,
,
,
,
,
,
,
,
,
,
,
,
,
,
,
,
,
,
,
,
,
,
,
,
,
,
,
,
,
,
,
,
,
,
,
,
,
,
,
,
,
,
,
,
,
,
,
,
,
,
,
,
,
,
,
,
,
,
,
,
,
,
,
,
,
,
,
,
,
,
,
,
,
,
,
,
,
,
,
,
,
,
,
,
,
,
,
,
,
,
,
,
,
,
,
,
,
,
,
,
,
,
,
,
,
,
,
,
,
,
,
,
,
,
,
,
,
,
,
,
,
,
,
,
,
,
,
,
,
,
,
,
,
,
,
,
,
,
,
,
,
,
,
,
,
,
,
,
,
,
,
,
,
,
,
,
,
,
,
,
,
,
,
,
,
,
,
,
,
,
,
,
,
,
,
,
,
,
,
,
,
,
,
,
,
,
,
,
,
,
,
,
,
,
,
,
,
,
,
,
,
,
,
,
,
,
,
,
,
,
,
,
,
,
,
,
,
,
,
,
,
,
,
,
,
,
,
,
,
,
,
,
,
,
,
,
,
,
,
,
,
,
,
,
,
,
,
,
,
,
,
,
,
,
,
,
,
,
,
,
,
,
,
,
,
,
,
,
,
,
,
,
,
,
,
,
,
,
,
,
,
,
,
,
,
,
,
,
,
,
,
,
,
,
,
,
,
,
,
,
,
,
,
,
,
,
,
,
,
,
,
,
,
,
,
,
,
,
,
,
,
,
,
,
,
,
,
,
,
,
,
,
,
,
,
,
,
,
,
,
,
,
,
,
,
,
,
,
,
,
,
,
,
,
,
,
,
,
,
,
,
,
,
,
,
,
,
,
,
,
,
,
,
,
,
,
,
,
,
,
,
,
,
,
,
,
,
,
,
,
,
,
,
,
,
,
,
,
,
,
,
,
,
,
,
,
,
,
,
,
,
,
,
,
,
,
,
,
,
,
,
,
,
,
,
,
,
,
,
,
,
,
,
,
,
,
,
,
,
,
,
,
,
,
,
,
,
,
,
,
,
,
,
,
,
,
,
,
,
,
,
,
,
,
,
,
,
,
,
,
,
,
,
,
,
,
,
,
,
,
,
,
,
,
,
,
,
,
,
,
,
,
,
,
,
,
,
,
,
,
,
,
,
,
,
,
,
,
,
,
,
,
,
,
,
,
,
,
,
,
,
,
,
,
,
,
,
,
,
,
,
,
,
,
,
,
,
,
,
,
,
,
,
,
,
,
,
,
,
,
,
,
,
,
,
,
,
,
,
,
,
,
,
,
,
,
,
,
,
,
,
,
,
,
,
,
,
,
,
,
,
,
,
,
,
,
,
,
,
,
,
,
,
,
,
,
,
,
,
,
,
,
,
,
,
,
,
,
,
,
,
,
,
,
,
,
,
,
,
,
,
,
,
,
,
,
,
,
,
,
,
,
,
,
,
,
,
,
,
,
,
,
,
,
,
,
,
,
,
,
,
,
,
,
,
,
,
,
,
,
,
,
,
,
,
,
,
,
,
,
,
,
,
,
,
,
,
,
,
,
,
,
,
,
,
,
,
,
,
,
,
,
,
,
,
,
,
,
,
,
,
,
,
,
,
,
,
,
,
,
,
,
,
,
,
,
,
,
,
,
,
,
,
,
,
,
,
,
,
,
,
,
,
,
,
,
,
,
,
,
,
,
,
,
,
,
,
,
,
,
,
,
,
,
,
,
,
,
,
,
,
,
,
,
,
,
,
,
,
,
,
,
,
,
,
,
,
,
,
,
,
,
,
,
,
,
,
,
,
,
,
,
,
,
,
,
,
,
,
,
,
,
,
,
,
,
,
,
,
,
,
,
,
,
,
,
,
,
,
,
,
,
,
,
,
,
,
,
,
,
,
,
,
,
,
,
,
,
,
,
,
,
,
,
,
,
,
,
,
,
,
,
,
,
,
,
,
,
,
,
,
,
,
,
,
,
,
,
,
,
,
,
,
,
,
,
,
,
,
,
,
,
,
,
,
,
,
,
,
,
,
,
,
,
,
,
,
,
,
,
,
,
,
,
,
,
,
,
,
,
,
,
,
,
,
,
,
,
,
,
,
,
,
,
,
,
,
,
,
,
,
,
,
,
,
,
,
,
,
,
,
,
,
,
,
,
,
,
,
,
,
,
,
,
,
,
,
,
,
,
,
,
,
,
,
,
,
,
,
,
,
,
,
,
,
,
,
,
,
,
,
,
,
,
,
,
,
,
,
,
,
,
,
,
,
,
,
,
,
,
,
,
,
,
,
,
,
,
,
,
,
,
,
,
,
,
,
,
,
,
,
,
,
,
,
,
,
,
,
,
,
,
,
,
,
,
,
,
,
,
,
,
,
,
,
,
,
,
,
,
,
,
,
,
,
,
,
,
,
,
,
,
,
,
,
,
,
,
,
,
,
,
,
,
,
,
,
,
,
,
,
,
,
,
,
,
,
,
,
,
,
,
,
,
,
,
,
,
,
,
,
,
,
,
,
,
,
,
,
,
,
,
,
,
,
,
,
,
,
,
,
,
,
,
,
,
,
,
,
,
,
,
,
,
,
,
,
,
,
,
,
,
,
,
,
,
,
,
,
,
,
,
,
,
,
,
,
,
,
,
,
,
,
,
,
,
,
,
,
,
,
,
,
,
,
,
,
,
,
,
,
,
,
,
,
,
,
,
,
,
,
,
,
,
,
,
,
,
,
,
,
,
,
,
,
,
,
,
,
,
,
,
,
,
,
,
,
,
,
,
,
,
,
,
,
,
,
,
,
,
,
,
,
,
,
,
,
,
,
,
,
,
,
,
,
,
,
,
,
,
,
,
,
,
,
,
,
,
,
,
,
,
,
,
,
,
,
,
,
,
,
,
,
,
,
,
,
,
,
,
,
,
,
,
,
,
,
,
,
,
,
,
,
,
,
,
,
,
,
,
,
,
,
,
,
,
,
,
,
,
,
,
,
,
,
,
,
,
,
,
,
,
,
,
,
,
,
,
,
,
,
,
,
,
,
,
,
,
,
,
,
,
,
,
,
,
,
,
,
,
,
,
,
,
,
,
,
,
,
,
,
,
,
,
,
,
,
,
,
,
,
,
,
,
,
,
,
,
,
,
,
,
,
,
,
,
,
,
,
,
,
,
,
,
,
,
,
,
,
,
,
,
,
,
,
,
,
,
,
,
,
,
,
,
,
,
,
,
,
,
,
,
,
,
,
,
,
,
,
,
,
,
,
,
,
,
,
,
,
,
,
,
,
,
,
,
,
,
,
,
,
,
,
,
,
,
,
,
,
,
,
,
,
,
,
,
,
,
,
,
,
,
,
,
,
,
,
,
,
,
,
,
,
,
,
,
,
,
,
,
,
,
,
,
,
,
,
,
,
,
,
,
,
,
,
,
,
,
,
,
,
,
,
,
,
,
,
,
,
,
,
,
,
,
,
,
,
,
,
,
,
,
,
,
,
,
,
,
,
,
,
,
,
,
,
,
,
,
,
,
,
,
,
,
,
,
,
,
,
,
,
,
,
,
,
,
,
,
,
,
,
,
,
,
,
,
,
,
,
,
,
,
,
,
,
,
,
,
,
,
,
,
,
,
,
,
,
,
,
,
,
,
,
,
,
,
,
,
,
,
,
,
,
,
,
,
,
,
,
,
,
,
,
,
,
,
,
,
,
,
,
,
,
,
,
,
,
,
,
,
,
,
,
,
,
,
,
,
,
,
,
,
,
,
,
,
,
,
,
,
,
,
,
,
,
,
,
,
,
,
,
,
,
,
,
,
,
,
,
,
,
,
,
,
,
,
,
,
,
,
,
,
,
,
,
,
,
,
,
,
,
,
,
,
,
,
,
,
,
,
,
,
,
,
,
,
,
,
,
,
,
5.061,26
4.932,34
4.839,28
4.761,17
,
,
,
,
,
,
,
,
,
,
,
,
,
,
,
,
,
5.01,25
4.981,34
5.004,36
4.913,28
,
,
,
,
,
,
,
,
,
,
,
,
,
,
,
,
,
,
,
,
,
5.534,28
5.525,40
5.526,37
5.453,35
5.46,27
,
,
,
,
,
,
,
5.529,18
5.532,30
5.525,42
5.55,45
5.527,53
5.527,53
5.527,56
5.527,57
5.502,54
5.502,55
5.476,50
5.476,48
5.476,48
5.55,40
5.529,23
,
,
,
,
,
,
,
,
,
,
,
,
,
,
,
,
,
,
,
,
,
,
,
,
,
,
,
,
,
,
,
,
,
,
,
,
,
,
,
,
4.86,16
4.879,40
4.905,52
4.978,49
5.034,29
,
4.831,49
4.955,65
5.104,65
5.181,68
5.008,69
4.936,70
4.96,70
4.98,66
5.029,64
4.98,63
4.98,61
4.93,59
4.98,65
4.934,69
4.931,66
4.931,64
4.98,66
5.035,71
5.181,68
5.232,69
5.335,71
5.288,73
5.332,69
5.379,67
5.377,57
5.375,38
,
,
,
,
,
,
,
,
,
,
,
,
,
,
,
5.285,28
5.329,35
5.301,41
5.301,43
5.375,42
5.302,46
5.326,42
5.379,34
5.326,40
5.375,41
5.38,32
5.329,35
5.326,38
5.276,43
5.303,53
5.327,50
5.327,52
5.352,56
5.352,59
5.329,65
5.329,64
5.354,67
5.356,69
5.353,64
5.331,68
5.33,67
5.359,71
5.38,68
5.364,74
5.359,71
5.337,72
5.313,73
5.33,67
5.335,71
5.309,70
5.31,71
5.332,69
5.337,72
5.307,69
5.309,70
5.306,68
5.284,70
5.334,70
5.281,68
5.307,69
5.305,67
5.33,67
5.279,66
5.304,65
5.28,67
5.304,66
5.307,69
5.332,69
5.33,67
5.381,69
5.379,67
5.34,74
5.335,71
5.331,68
5.341,75
5.384,71
5.358,70
5.39,75
5.362,73
5.34,74
5.337,72
5.384,71
5.386,72
5.386,72
5.386,72
5.386,72
5.411,72
5.381,69
5.386,72
5.383,70
5.38,68
5.386,72
5.383,70
5.412,73
5.387,73
5.406,69
5.431,69
5.428,64
5.478,62
5.527,59
5.526,52
5.576,49
5.525,41
5.581,24
,
,
,
,
,
,
,
,
,
,
,
,
,
,
,
,
,
,
,
,
,
,
,
,
,
,
,
,
,
,
5.227,37
5.206,32
5.231,13
5.256,32
5.301,45
5.352,57
5.378,61
5.381,69
5.355,68
5.377,55
5.477,59
5.452,57
5.427,36
,
,
,
,
,
7.252,36
7.175,44
7.175,44
7.127,53
7.078,60
6.175,66
6.401,62
6.801,53
6.902,61
6.877,61
6.8,48
,
5.176,45
5.229,63
5.338,73
5.329,65
5.184,70
4.694,73
4.542,70
4.665,70
4.364,63
4.289,56
4.364,66
4.29,66
4.266,67
4.291,67
4.32,70
4.315,66
4.364,66
4.415,68
4.443,70
4.487,64
4.589,69
4.665,70
4.858,66
5.007,68
5.13,67
5.204,62
5.179,62
5.153,56
5.179,60
5.28,67
5.282,69
5.229,65
5.26,71
5.159,70
5.135,71
5.06,71
5.087,72
5.079,65
5.028,59
5.007,68
5.054,61
5.029,60
5.054,61
5.029,62
5.054,62
5.008,69
4.98,64
5.029,63
5.034,70
5.032,69
5.03,67
5.029,63
4.931,66
4.882,64
4.882,64
4.98,63
5.106,68
5.029,66
5.005,63
4.98,64
4.931,63
4.882,64
4.859,67
4.859,67
4.903,84
4.85,83
4.847,76
4.894,75
4.987,81
4.989,87
4.941,74
4.882,64
4.831,51
7.902,47
5.518,77
5.478,61
5.353,62
5.229,64
5.278,57
5.451,46
5.351,50
5.352,54
5.328,53
5.227,52
5.077,47
5.078,57
5.128,58
5.453,63
5.531,69
5.527,58
5.451,47
5.426,48
5.377,59
5.304,65
5.204,66
5.105,67
5.081,68
5.034,70
5.007,68
5.031,68
5.006,67
5.031,68
5.01,70
5.034,70
5.035,71
5.035,71
5.029,66
5.062,72
5.106,68
5.13,67
5.109,70
5.13,67
5.129,66
5.181,68
5.179,64
5.206,68
5.204,62
5.229,64
5.278,59
5.278,58
5.278,56
5.327,51
5.328,54
5.376,51
5.376,46
5.327,49
5.676,51
5.927,60
6.076,63
6.151,65
6.15,56
4.929,48
5.053,53
5.179,60
5.353,60
5.428,65
5.378,64
5.377,55
5.327,52
5.376,49
5.229,60
5.306,68
5.487,73
5.035,71
5.266,75
5.633,70
5.689,75
7.934,70
4.685,62
4.858,60
4.907,66
4.939,73
4.888,71
4.86,68
4.884,68
4.907,65
4.931,62
4.98,62
5.031,68
5.062,72
5.035,71
5.008,69
5.013,73
4.961,71
4.936,70
4.931,66
4.934,69
4.957,68
4.961,71
4.96,70
4.913,71
4.938,72
4.936,71
5.01,70
5.031,68
5.081,68
5.118,76
5.113,73
5.184,70
5.232,69
5.187,72
5.156,68
5.155,67
5.079,65
5.081,68
5.132,69
5.112,72
5.082,69
5.056,68
5.008,69
5.005,65
5.029,65
5.054,65
5.054,66
5.079,65
5.081,68
5.084,70
5.055,67
4.982,68
4.932,67
4.835,68
4.835,68
4.788,70
4.745,74
4.745,74
4.693,72
4.739,70
4.734,65
4.734,66
4.762,69
4.811,69
4.859,67
4.931,64
5.029,65
4.98,64
4.981,67
4.988,72
4.939,73
4.808,66
4.736,68
4.586,63
4.463,66
4.389,65
4.339,63
4.29,66
4.291,67
4.29,63
4.339,61
4.338,58
4.338,58
4.339,60
4.338,55
4.314,59
4.364,66
4.389,65
4.389,65
4.365,67
4.366,68
4.344,70
4.295,70
4.32,70
4.344,70
4.369,70
4.394,70
4.364,66
4.438,66
4.438,65
4.438,64
4.438,66
4.439,67
4.463,63
4.463,63
4.487,65
4.438,65
4.414,67
4.413,65
4.397,72
4.341,68
4.372,72
4.339,65
4.339,63
4.364,63
4.29,63
4.216,63
4.166,53
4.239,48
4.684,59
4.594,72
4.271,71
4.241,65
4.395,71
4.538,67
4.562,67
4.295,70
4.252,74
4.249,72
4.252,74
4.243,68
4.318,69
4.369,70
4.54,69
4.791,72
4.894,75
4.916,73
4.942,75
4.938,72
5.038,73
5.088,73
5.185,71
5.216,75
5.243,76
5.185,71
5.185,71
5.137,72
5.204,64
5.278,59
5.079,66
4.784,64
4.688,69
4.691,71
4.742,72
4.834,67
4.98,60
5.229,64
5.179,63
5.054,65
5.079,61
5.028,57
5.004,56
4.955,61
4.931,63
4.858,64
4.832,59
4.88,52
4.782,52
4.782,51
4.757,52
4.783,59
4.784,61
4.784,65
4.762,69
4.739,70
4.737,69
4.685,65
4.687,68
4.688,69
4.746,75
4.742,72
4.742,72
4.711,68
4.762,69
4.785,68
4.786,69
4.734,66
4.736,68
4.742,72
4.794,74
4.764,70
4.743,73
4.745,74
4.742,72
4.745,74
4.764,70
4.69,70
4.745,74
4.765,71
4.737,69
4.767,72
4.768,73
4.788,70
4.811,69
4.86,69
4.936,70
4.958,69
4.98,64
4.955,62
4.979,56
4.955,61
4.979,57
4.93,59
4.931,60
4.881,58
4.882,62
4.882,61
4.882,63
4.858,63
4.858,65
4.858,65
4.833,66
4.784,66
4.808,65
4.759,65
4.759,66
4.66,65
4.685,65
4.66,66
4.686,67
4.635,65
4.611,66
4.612,67
4.611,64
4.561,62
4.537,60
4.537,64
4.513,67
4.537,65
4.611,63
4.711,68
4.736,68
4.813,70
4.86,69
4.908,67
4.912,70
4.933,68
4.887,70
4.785,68
4.685,65
4.638,69
4.546,73
4.468,70
4.414,67
4.438,64
4.537,65
4.685,60
4.659,53
4.561,60
4.487,64
4.488,67
4.542,70
4.562,67
4.587,67
4.759,65
4.784,65
4.785,68
4.808,66
4.709,66
4.685,66
4.739,70
4.734,65
4.61,55
4.461,51
4.486,57
4.486,57
4.437,55
4.436,52
4.436,48
4.461,46
4.461,46
4.44,32
4.437,36
4.484,41
4.535,46
4.658,51
4.88,48
4.906,54
4.857,56
4.733,58
4.733,59
4.733,56
4.708,51
4.732,47
4.657,43
4.657,44
4.682,45
4.806,48
4.782,47
4.806,52
4.782,47
4.782,48
4.731,38
4.707,40
4.782,46
4.831,47
4.807,53
4.758,59
4.856,52
4.928,45
4.634,53
4.484,43
4.509,39
4.463,35
4.46,41
4.484,43
4.436,48
4.436,52
4.437,54
4.411,48
4.411,49
4.461,48
4.462,56
4.511,59
4.461,50
4.386,40
4.632,44
4.584,50
4.536,59
4.56,59
4.585,57
4.585,59
4.617,71
4.611,64
4.635,66
4.784,64
4.783,58
4.734,63
4.709,63
4.685,65
4.709,63
4.74,71
4.784,65
4.784,62
4.808,64
4.834,67
4.786,69
4.784,66
4.735,67
4.717,72
4.643,72
4.662,68
4.585,53
4.485,37
4.268,31
4.292,15
,
,
,
4.716,27
4.657,39
4.683,47
4.683,52
4.685,60
4.635,60
4.586,64
4.587,67
4.591,70
4.538,67
4.562,67
4.542,70
4.539,68
4.587,67
4.635,65
4.614,69
4.614,69
4.69,70
4.636,67
4.693,72
4.696,74
4.64,70
4.64,70
4.638,69
4.638,69
4.644,73
4.637,68
4.685,66
4.687,68
4.734,65
4.708,59
4.709,60
4.733,57
4.733,58
4.734,60
4.709,62
4.734,61
4.734,66
4.759,64
4.708,55
4.757,49
4.732,46
4.782,49
4.805,43
4.83,45
4.856,49
4.857,54
4.831,51
4.832,53
4.832,53
4.832,55
4.758,56
4.734,61
4.685,63
4.638,69
4.662,68
4.64,70
4.589,69
4.512,65
4.515,69
4.54,69
4.512,63
4.538,67
4.54,69
4.561,65
4.512,63
4.464,67
4.512,66
4.517,70
4.539,68
4.564,69
4.595,73
4.589,69
4.613,68
4.635,65
4.635,66
4.685,65
4.611,62
4.561,62
4.586,63
4.586,66
4.512,65
4.537,64
4.537,60
4.561,64
4.587,67
4.586,64
4.611,64
4.587,67
4.586,63
4.586,63
4.611,65
4.635,65
4.586,66
4.587,67
4.613,68
4.635,65
4.635,64
4.587,67
4.637,68
4.637,68
4.635,66
4.71,67
4.687,68
4.686,67
4.665,70
4.662,68
4.636,67
4.611,65
4.586,63
4.635,60
4.561,63
4.585,56
4.634,56
4.61,56
4.61,59
4.585,59
4.537,63
4.538,67
4.487,62
4.487,64
4.588,68
4.594,72
4.635,62
4.685,62
4.783,58
4.88,51
4.952,43
4.981,34
4.888,19
,
,
,
,
,
7.259,28
7.328,35
7.325,44
7.326,37
7.325,38
7.325,43
7.276,49
7.326,52
7.302,57
7.354,62
7.328,62
7.379,60
7.354,62
7.379,62
7.379,64
7.38,67
7.379,64
7.354,61
7.328,60
7.302,57
7.302,57
7.327,58
7.303,62
7.328,66
7.328,66
7.328,61
7.354,63
3.456,70
3.463,75
3.413,74
3.488,75
3.463,75
3.509,72
3.506,70
3.575,62
7.327,57
7.327,54
7.326,49
7.327,55
7.327,56
7.353,54
7.377,50
7.402,50
7.326,47
7.403,54
1.733,56
1.76,62
1.76,63
1.76,60
1.76,63
1.785,63
1.759,58
1.86,53
1.807,45
1.807,42
1.858,43
1.782,43
1.807,45
1.807,41
1.858,40
1.909,41
1.863,33
1.841,29
1.913,23
,
,
,
,
,
3.061,25
3.079,46
3.154,56
3.129,56
3.18,62
3.154,59
3.155,60
3.105,59
3.154,58
3.129,59
3.154,55
3.202,49
3.201,41
3.256,32
,
,
,
,
,
,
,
,
,
,
,
,
,
,
,
,
,
,
7.508,29
7.578,35
7.55,39
7.425,39
7.359,29
7.465,20
,
7.554,23
7.475,45
7.452,59
7.428,60
7.404,61
7.403,55
7.427,56
7.403,56
7.428,62
7.429,67
7.484,71
3.212,72
3.164,73
3.18,61
3.106,61
3.08,56
3.106,60
3.105,59
3.152,41
3.01,19
7.426,37
7.403,54
7.379,60
7.301,52
7.302,53
7.426,52
7.627,56
7.526,52
3.053,45
3.053,42
3.053,42
2.95,37
2.923,42
3.001,42
3.001,45
2.976,49
3.054,48
2.976,51
3.002,52
3.055,53
2.976,50
3.028,47
3.054,46
3.001,45
3.002,48
3.002,50
3.029,53
3.055,54
3.055,56
3.08,57
3.029,54
3.029,54
3.029,59
3.055,58
3.029,58
3.003,55
3.056,62
3.004,63
3.064,72
3.061,70
3.115,73
3.087,71
3.07,76
3.031,67
3.082,67
3.157,68
3.109,69
3.139,73
3.084,69
3.065,73
3.141,74
3.064,72
3.009,70
3.004,65
3.003,57
3.055,55
3.002,51
2.977,53
3.054,46
2.926,64
2.952,63
2.925,55
2.898,52
2.898,52
2.847,54
2.847,55
2.847,55
2.82,52
2.714,43
2.506,42
2.48,41
2.427,43
2.325,46
2.325,47
2.325,46
2.351,47
2.376,43
2.35,42
2.351,48
2.402,44
2.532,45
2.637,47
2.742,54
2.742,54
2.767,46
2.767,47
2.74,43
2.795,53
2.741,49
2.742,54
2.715,49
2.689,49
2.663,46
2.663,46
2.662,45
2.61,44
2.636,45
2.611,47
2.585,47
2.611,48
2.663,50
2.663,49
2.689,49
2.663,50
2.69,53
2.741,47
2.741,50
2.69,53
2.794,49
2.82,50
2.767,50
2.82,46
2.767,48
2.792,45
2.794,51
2.795,53
2.794,52
2.794,46
2.742,53
2.794,49
2.767,48
2.767,50
2.742,53
2.795,53
2.741,47
2.82,47
2.767,49
2.794,47
2.819,45
2.845,45
2.872,47
2.846,46
2.897,44
3.002,50
3.129,54
3.203,54
3.228,56
3.303,60
3.352,58
3.302,57
3.352,54
3.253,56
3.228,55
3.154,53
3.105,54
3.104,49
3.079,47
3.079,51
3.054,47
3.054,47
3.002,47
3.028,50
3.002,46
3.001,44
2.976,50
3.028,48
3.054,51
2.976,47
2.976,48
3.002,48
3.028,51
2.977,53
3.002,49
2.976,49
3.002,49
3.028,52
2.977,54
3.002,50
3.002,51
2.976,49
2.977,54
2.95,51
2.95,51
2.95,51
2.924,47
2.95,49
2.897,45
2.872,46
2.846,49
2.872,48
2.872,49
2.846,46
2.846,48
2.897,45
2.898,48
2.898,47
2.95,49
2.976,52
2.977,53
2.976,49
2.976,51
2.976,50
3.002,50
3.002,46
2.975,44
2.95,49
3.028,51
3.002,51
3.002,51
2.95,50
3.002,46
3.002,47
3.002,50
2.976,48
2.95,48
3.053,45
3.053,45
3.078,44
3.002,47
3.079,48
3.054,46
3.104,50
3.202,50
3.301,50
3.475,53
3.598,52
3.673,57
3.746,57
3.746,56
3.771,53
3.795,57
3.846,60
3.919,58
3.994,60
4.043,60
4.142,61
4.142,64
4.191,62
4.191,62
4.147,70
4.094,67
4.093,63
4.019,63
3.92,61
3.894,58
3.845,57
3.846,60
3.771,56
3.771,57
3.771,57
3.747,60
3.696,58
3.696,54
3.696,59
3.648,58
3.549,53
3.524,51
3.425,46
3.376,53
3.301,47
3.152,45
3.153,47
3.104,50
3.079,52
3.104,51
3.079,49
3.104,48
3.079,51
3.079,50
3.08,55
3.105,53
3.08,55
3.106,60
3.106,60
3.13,63
3.136,71
3.216,82
3.184,86
3.17,77
3.141,74
3.238,73
3.177,79
3.25,84
3.29,82
3.177,79
3.226,79
3.17,77
3.169,76
3.169,76
3.169,76
3.18,65
3.129,57
3.129,56
3.154,56
3.104,51
3.128,52
3.133,69
3.115,73
5.182,69
5.154,64
5.181,68
1.82,73
1.879,78
1.949,74
1.876,76
1.923,74
1.845,73
1.867,71
1.874,75
1.895,72
1.889,68
1.841,70
1.861,65
1.835,59
1.859,48
1.835,57
1.863,68
1.869,72
4.539,68
4.586,62
5.059,70
5.306,68
5.361,72
5.364,74
5.329,63
5.329,64
5.335,71
5.405,80
5.512,87
5.628,85
5.565,75
5.587,73
5.531,69
5.53,68
5.536,72
5.539,74
5.564,74
5.534,71
5.559,71
5.536,72
5.583,70
5.534,71
5.553,65
5.583,70
5.605,80
5.665,82
5.686,87
5.694,83
5.719,83
5.719,83
5.699,79
5.67,83
5.684,81
5.723,84
4.202,74
4.157,77
4.175,72
4.104,75
4.143,67
4.118,67
4.095,68
4.093,66
4.093,66
4.094,67
4.095,68
4.142,64
4.117,61
4.092,55
3.995,67
5.727,65
5.677,65
5.752,65
5.733,71
5.733,71
5.683,71
5.728,67
5.727,60
5.777,60
5.727,61
5.73,69
5.727,62
5.777,62
5.776,56
5.801,56
5.778,67
5.728,67
5.733,71
5.826,57
6.575,55
6.274,57
3.402,60
5.925,49
5.705,69
5.83,69
5.701,53
5.733,71
5.58,68
5.867,88
5.807,70
5.833,71
5.83,69
5.874,79
5.789,75
5.842,77
5.802,66
6.002,64
3.157,32
3.202,50
3.254,60
3.305,68
3.453,80
6.004,68
6.076,65
6.002,65
6.11,73
5.752,66
5.729,68
4.043,64
4.141,58
4.142,66
4.142,65
4.193,80
4.272,81
8.785,64
8.783,52
8.884,36
9.135,48
8.835,60
8.936,64
9.112,66
9.139,68
9.113,67
9.089,68
9.188,62
9.162,59
9.187,58
5.826,59
6.15,57
6.274,58
6.378,68
4.731,79
4.626,77
4.611,66
4.674,76
4.707,79
5.739,75
5.888,74
5.93,69
5.941,76
5.909,81
5.773,84
5.525,79
4.674,76
4.644,73
4.6,76
6.059,72
6.028,68
6.06,73
4.317,80
4.272,81
4.255,77
4.217,67
4.191,64
4.19,58
4.166,55
4.142,61
6.075,56
6.076,65
6.002,60
6.199,58
6.224,56
6.124,51
6.098,40
6.799,43
6.752,65
6.457,71
6.005,69
5.851,58
6.675,59
6.826,58
6.826,59
6.776,54
6.777,60
6.777,64
6.705,69
6.634,72
6.579,69
6.534,72
6.482,71
6.199,59
6.049,48
6.079,69
6.582,71
6.675,59
6.727,64
6.758,71
6.828,67
6.907,70
6.985,72
7.033,70
7.055,68
7.103,65
7.102,53
7.058,29
5.625,40
6.035,73
7.08,68
5.731,86
7.13,90
5.676,94
6.626,85
6.877,61
6.953,67
6.977,63
6.778,67
6.733,71
6.836,73
6.813,74
6.844,83
6.91,91
6.733,71
6.802,61
6.829,68
6.836,73
6.752,66
6.828,67
6.928,67
6.977,63
6.952,64
6.927,64
6.978,67
7.029,67
7.028,61
7.002,61
7.028,64
6.977,65
6.978,67
7.002,61
6.977,62
7.002,65
6.977,66
7.005,69
6.979,68
6.927,61
6.952,62
6.927,62
7.002,62
6.977,62
6.93,69
6.904,68
6.86,72
6.78,69
6.732,70
6.727,66
6.776,53
6.782,70
6.769,83
6.739,75
6.782,70
6.727,66
6.727,60
6.633,81
8.859,56
9.011,63
8.886,67
8.835,61
8.632,46
8.633,57
8.734,66
8.709,60
8.684,62
6.894,78
6.785,72
6.435,73
5.98,69
5.928,67
5.952,63
5.96,72
5.977,63
5.929,68
5.911,73
5.905,69
5.936,73
5.977,65
5.954,68
5.953,67
5.954,68
5.927,64
5.927,66
5.905,69
4.145,69
4.046,69
4.095,68
4.145,69
4.142,65
4.141,58
4.093,61
4.142,63
4.167,61
4.169,68
4.173,71
4.157,77
4.181,77
4.079,74
5.961,73
5.929,68
5.961,73
5.929,68
5.935,72
5.953,67
6.002,65
5.953,67
5.989,75
5.983,71
5.933,71
5.927,65
5.877,62
5.926,59
5.876,55
5.9,52
5.951,53
5.976,54
5.926,55
5.875,47
5.9,46
5.924,44
5.874,39
5.834,26
,
8.963,33
5.726,56
5.811,73
5.809,81
5.773,84
5.786,87
5.777,85
5.714,75
5.707,70
5.686,73
5.661,72
5.656,69
5.705,69
5.677,64
5.653,63
5.677,64
5.628,66
5.653,63
5.653,62
5.679,68
5.677,65
5.656,69
5.682,70
5.678,67
5.683,71
5.677,66
5.653,66
5.677,64
5.653,65
5.677,65
5.677,64
5.677,64
5.728,67
5.827,64
5.828,67
5.727,65
5.727,63
5.777,66
5.902,62
6.001,54
6.273,48
6.573,45
6.699,44
6.725,48
6.776,55
6.777,60
6.825,50
6.669,21
,
,
,
,
,
7.035,27
7.127,58
7.245,83
9.315,67
6.177,68
6.174,59
6.225,62
6.25,63
6.225,66
6.228,69
6.226,67
6.251,67
6.251,67
6.277,68
6.276,67
6.276,67
6.276,67
6.274,56
6.249,58
6.988,74
7.093,77
7.02,78
7.024,84
6.383,81
6.106,70
6.031,70
6.009,72
5.988,74
5.986,73
5.982,70
5.935,72
5.955,69
5.957,70
5.953,67
5.933,71
5.955,69
6.002,66
5.977,61
5.927,60
5.986,73
3.325,79
3.271,78
3.18,62
3.203,59
3.155,60
3.154,58
3.104,51
3.053,45
5.9,47
5.85,52
5.852,66
5.761,73
5.788,74
5.759,81
5.744,78
5.686,73
5.629,67
5.553,63
5.554,67
5.53,68
5.528,65
5.555,68
5.58,68
5.579,67
5.579,67
5.604,67
5.579,67
5.611,72
5.62,83
5.595,83
5.677,85
5.665,82
5.61,81
5.63,68
5.603,64
5.68,69
5.628,66
5.707,70
5.732,70
5.776,55
3.252,47
3.178,46
3.279,61
3.254,62
3.302,59
3.303,63
3.414,75
3.416,76
7.713,73
7.64,82
7.493,77
6.402,67
6.456,70
6.838,74
7.436,72
7.704,65
7.754,65
7.784,70
7.738,73
7.869,77
7.829,61
9.087,63
5.839,75
5.894,78
5.942,77
5.877,65
5.977,65
6.063,82
5.944,78
5.977,61
6.076,66
6.027,67
6.176,67
6.488,75
6.631,70
6.624,52
6.524,49
6.651,64
6.625,54
6.599,52
6.625,58
6.249,56
5.801,59
5.907,70
5.877,65
5.827,66
5.93,69
6.026,65
6.777,61
7.028,63
6.977,63
7.028,62
7.162,73
5.592,76
5.585,81
5.553,66
5.603,65
5.703,67
5.803,67
5.877,62
5.927,66
5.927,65
5.927,60
5.801,57
5.741,76
5.723,84
5.59,75
5.53,68
5.528,63
5.603,66
5.702,65
5.683,71
5.683,71
5.703,67
6.428,68
5.953,67
5.605,68
5.639,74
5.483,70
5.481,69
5.952,65
5.904,68
5.729,68
5.533,70
5.452,59
5.403,60
5.352,57
5.489,74
5.587,87
5.574,84
5.568,77
3.559,87
3.505,86
3.46,87
3.493,83
3.423,84
3.414,82
3.364,74
3.402,66
3.353,61
3.328,63
3.303,66
5.628,64
5.679,68
5.728,67
5.677,63
5.677,66
5.704,68
4.15,72
4.177,74
4.206,77
4.154,75
4.109,78
4.08,82
4.002,72
3.944,65
7.027,54
6.877,63
6.827,63
6.877,62
7.002,66
6.977,65
7.105,68
7.205,68
7.283,70
7.329,67
7.33,68
7.359,70
7.33,68
7.38,67
7.428,65
7.454,67
7.508,70
7.531,69
7.531,69
7.504,67
7.456,69
7.453,63
7.458,70
7.437,73
3.711,76
3.769,79
3.749,80
3.715,83
3.729,81
3.705,81
3.724,80
3.685,74
3.649,66
3.649,64
3.673,57
3.599,56
3.648,55
3.599,56
3.55,62
3.55,63
5.802,61
5.777,61
5.777,62
5.857,70
5.902,65
5.877,62
5.777,66
5.81,72
7.756,68
7.73,67
7.678,64
7.529,67
7.437,73
3.661,75
3.691,78
3.621,79
3.671,79
3.632,72
3.624,61
3.599,56
3.648,54
3.6,64
3.606,71
6.026,85
5.927,85
5.844,78
5.914,82
5.919,83
5.898,84
5.949,79
8.145,76
5.839,75
5.809,81
5.769,83
5.714,82
5.699,79
5.642,76
5.699,79
5.719,78
5.615,75
5.659,71
5.637,73
5.685,72
5.642,76
5.692,77
5.691,76
5.704,80
5.709,81
5.714,82
5.749,79
5.774,79
5.866,76
5.914,82
5.936,87
5.904,80
5.889,75
5.888,74
3.612,75
3.605,70
3.623,57
3.649,63
3.697,63
3.648,58
3.648,53
3.734,75
3.779,91
3.712,92
7.376,79
7.433,70
7.461,72
7.434,71
7.412,72
7.355,67
7.178,63
7.128,66
3.708,74
7.215,75
3.688,76
7.34,75
3.661,75
7.545,78
5.839,75
5.835,72
5.879,68
3.654,70
3.58,70
3.6,63
3.573,51
3.599,57
3.649,62
3.654,70
3.686,82
3.768,93
3.799,95
3.82,94
3.785,92
3.817,89
3.743,84
3.671,79
3.6,64
3.649,62
3.599,58
3.501,64
3.603,69
5.827,66
5.877,64
5.879,68
5.989,75
6.023,79
6.999,79
7.139,74
7.204,67
7.155,68
7.134,71
7.128,66
7.078,64
7.028,64
6.927,65
6.982,70
6.977,65
7.158,70
7.29,75
5.933,71
5.555,68
5.304,62
3.673,55
3.746,59
3.799,69
3.773,67
3.796,66
3.847,67
3.854,72
3.906,74
3.935,77
5.218,76
5.316,75
5.395,78
5.425,79
5.465,82
5.417,76
5.439,74
5.406,69
5.403,65
5.378,63
5.403,60
5.477,58
5.478,62
5.503,66
5.453,63
5.428,65
5.429,67
5.484,71
5.686,73
6.485,73
6.651,65
5.53,68
5.581,69
5.661,72
5.708,71
5.857,70
5.835,72
5.59,75
5.529,67
5.578,66
5.583,70
5.579,67
5.677,65
5.675,79
5.756,86
5.748,89
5.692,88
5.662,87
5.599,84
5.61,81
5.534,71
8.885,63
8.758,57
5.877,61
5.827,63
5.827,63
5.804,68
5.861,73
5.764,75
5.744,78
5.709,81
5.679,80
5.665,82
5.689,82
5.65,79
5.719,83
5.754,90
5.729,90
5.723,84
5.655,80
5.603,66
5.58,68
5.701,57
5.975,52
6.05,57
5.927,65
5.879,68
5.928,67
5.928,67
5.932,70
5.886,73
5.802,66
5.752,65
5.777,66
5.782,70
5.778,67
5.91,72
6.005,69
6.031,70
6.077,67
6.101,65
6.101,61
6.1,59
6.125,55
6.126,60
6.1,57
6.125,57
6.075,58
6.05,59
6.026,65
5.977,60
5.927,66
5.879,68
5.882,70
5.832,70
5.828,67
5.852,66
5.983,71
5.955,69
5.828,67
5.777,65
5.727,60
5.729,68
5.784,81
5.707,70
5.7,52
5.704,32
5.779,33
5.759,26
,
5.725,37
5.791,76
5.764,82
5.682,70
5.661,72
5.703,67
5.637,73
5.293,76
5.135,71
5.107,69
5.105,67
5.081,68
3.854,72
3.796,65
3.795,58
3.649,60
7.175,43
7.202,53
7.228,61
7.278,62
7.228,66
7.183,70
7.089,74
6.01,73
6.176,67
6.227,68
6.613,75
6.443,78
6.267,83
6.113,82
6.103,80
6.128,80
6.097,84
6.052,67
6.098,79
6.103,80
6.059,72
5.977,64
5.977,63
6.002,62
6.026,61
6.026,63
6.001,57
6.002,62
8.078,52
8.055,61
8.055,64
8.057,68
8.06,70
8.005,67
8.032,68
8.03,66
8.03,64
8.055,65
8.03,62
8.03,64
8.055,61
8.03,65
8.08,64
8.08,63
8.104,59
8.08,61
8.079,57
8.079,56
8.03,60
7.978,58
8.03,63
8.004,62
8.03,66
8.055,66
8.055,64
7.978,55
7.901,44
7.766,20
7.986,27
8.059,30
7.98,34
7.93,23
,
,
8.029,36
8.077,38
8.028,49
8.028,49
8.028,52
8.053,50
7.976,45
7.976,40
8.077,38
8.179,46
8.18,55
8.231,64
8.209,69
8.189,72
8.189,72
8.13,63
8.104,56
8.129,55
8.129,56
8.181,63
8.183,68
8.138,72
8.13,66
8.234,69
8.256,64
8.282,66
8.236,70
8.209,69
8.156,63
7.552,58
7.077,53
7.027,55
8.179,52
8.129,53
8.23,56
8.634,60
8.731,45
6.726,58
6.652,67
6.732,70
8.245,76
8.239,72
8.212,71
8.142,74
8.045,77
7.816,75
7.838,73
6.827,66
7.76,71
7.934,70
8.014,73
7.932,69
7.932,69
7.929,64
7.929,60
7.729,62
6.977,61
7.407,69
7.128,65
7.212,73
7.218,77
9.061,59
9.037,60
8.986,64
9.011,62
8.986,65
8.964,69
8.995,73
8.844,73
8.908,79
8.815,70
8.885,66
8.762,69
8.635,67
8.281,58
8.18,56
8.13,60
8.182,67
8.186,70
8.133,69
8.181,62
8.206,60
8.204,51
8.128,49
8.079,54
8.13,60
8.18,54
8.204,46
8.129,54
8.133,69
8.186,70
8.162,71
8.184,69
8.13,60
8.08,60
8.054,54
8.054,53
8.077,45
7.977,46
8.028,49
8.027,44
8.077,44
8.027,38
8.027,40
8.128,50
8.053,51
7.958,30
,
,
,
,
,
,
,
,
,
,
,
,
,
,
,
,
,
,
,
,
,
,
,
,
,
,
,
,
,
,
,
,
,
,
,
,
,
,
,
,
,
,
,
,
,
,
,
,
,
,
,
,
,
,
,
,
,
,
,
,
,
,
,
,
,
,
,
,
,
,
,
,
,
,
,
,
,
,
,
,
,
,
,
,
,
,
,
,
,
,
,
,
,
,
,
,
,
,
,
,
,
,
,
,
,
8.281,22
7.228,60
7.34,75
7.407,69
8.029,55
3.893,49
3.904,73
3.958,76
3.997,69
4.054,74
4.06,78
6.384,72
6.428,68
6.479,69
6.485,73
6.532,71
6.532,71
6.51,73
6.529,69
6.479,69
6.504,69
6.454,69
4.04,79
4.085,83
4.146,86
4.032,76
4.076,72
4.046,69
4.045,68
6.051,63
6.078,68
6.102,67
6.23,70
6.328,69
6.432,71
6.306,71
6.081,70
6.052,67
6.009,72
6.032,71
6.058,81
6.391,77
7.913,73
7.862,72
7.885,71
6.668,78
8.069,76
6.841,76
6.783,71
6.728,67
6.677,64
6.631,70
6.554,69
6.481,70
6.454,69
6.426,62
6.426,66
6.428,68
6.426,65
6.528,68
6.475,57
6.529,24
6.679,32
6.623,39
6.657,19
,
,
,
6.623,43
6.599,50
6.475,55
6.475,56
6.425,54
6.399,52
6.424,49
6.499,50
6.6,54
6.626,60
6.626,60
6.677,63
6.702,63
6.702,63
6.677,65
6.626,63
6.629,69
6.531,70
6.526,66
6.482,71
6.477,67
6.482,71
6.476,66
6.477,67
6.477,67
6.477,67
6.501,64
6.526,64
6.551,64
6.526,64
6.551,64
6.526,64
6.551,61
6.576,66
6.576,64
6.527,67
6.526,65
6.551,60
6.526,64
6.501,65
6.476,66
6.476,62
6.476,63
6.45,57
6.475,58
6.475,57
6.449,51
6.449,48
6.523,45
6.724,39
6.849,40
6.924,39
6.874,40
6.95,48
6.924,41
6.878,23
,
,
6.984,26
6.925,52
6.928,67
6.854,68
6.752,66
6.727,61
6.752,60
6.776,59
6.827,62
6.778,67
6.78,69
6.732,70
6.758,71
6.761,73
6.727,64
6.727,60
6.649,48
6.579,31
,
,
6.824,43
6.825,49
6.776,57
6.777,66
6.752,61
6.727,64
6.727,61
6.702,60
6.675,59
6.726,59
6.727,60
6.677,60
6.65,57
6.675,58
6.675,56
6.677,61
6.677,61
6.65,57
6.626,63
6.626,62
6.626,60
6.626,61
6.626,63
6.576,63
6.575,59
6.575,56
6.574,50
6.725,50
7.027,55
7.053,61
7.028,62
7.028,64
7.079,67
7.028,63
7.027,59
7.027,53
7.026,46
6.976,36
6.882,25
6.68,31
6.775,46
6.877,64
6.951,57
6.976,55
7.127,57
7.127,55
7.133,70
7.131,69
7.178,65
6.952,64
6.702,60
6.977,65
7.178,64
7.18,68
7.228,65
7.178,62
7.178,63
7.077,56
7.078,64
7.159,71
7.259,71
7.228,62
7.254,67
7.128,63
6.93,69
7.028,65
7.127,58
7.2,45
,
6.7,37
6.776,36
6.775,48
6.725,49
6.75,50
6.725,52
6.726,57
6.777,64
6.802,62
6.801,57
6.826,59
6.776,53
6.751,55
6.726,55
6.727,65
6.738,74
6.729,68
6.752,64
6.701,55
6.726,57
6.827,60
7.078,63
7.23,68
7.278,65
7.303,62
7.302,59
7.302,54
7.326,52
7.325,45
7.3,41
7.327,36
7.205,33
7.2,38
7.225,42
7.225,43
7.276,46
7.25,45
7.275,45
7.225,42
7.2,45
7.151,49
7.202,55
7.227,57
7.252,58
7.277,59
7.253,60
7.302,54
7.352,50
7.275,42
7.285,27
,
,
,
,
,
,
7.175,40
7.226,49
7.251,51
7.277,55
7.3,45
-99999999,
7.329,34
7.283,25
7.302,22
7.226,46
7.327,58
7.328,60
7.303,61
7.278,62
7.302,53
7.201,49
7.228,60
7.279,67
7.328,66
7.407,69
7.379,63
7.427,59
7.378,54
7.478,60
7.425,43
7.376,40
7.177,56
7.178,62
7.302,59
7.354,64
6.376,62
6.385,73
6.565,76
6.836,73
7.215,75
7.229,67
7.277,55
7.401,43
7.301,52
7.353,56
7.378,55
7.478,60
7.454,67
7.379,66
7.328,64
6.777,65
7.328,61
7.452,58
7.453,60
7.428,62
7.478,66
7.404,60
7.379,61
7.428,65
7.379,62
7.427,57
7.378,53
7.451,49
7.427,57
7.379,63
7.328,64
7.328,63
7.326,50
6.927,62
6.927,66
6.877,66
7.128,64
7.183,70
6.877,65
7.026,48
6.975,46
6.976,59
6.976,56
6.924,43
6.974,44
6.951,55
6.801,22
,
6.724,43
6.75,50
6.598,40
7.226,52
7.231,69
7.078,65
6.776,58
6.752,61
6.826,58
6.8,52
6.826,58
6.802,62
6.777,63
6.727,63
6.675,57
6.675,54
6.7,52
6.674,49
6.7,49
6.725,49
6.701,56
6.675,59
6.727,64
6.728,67
6.73,69
6.677,64
6.851,53
6.877,66
6.776,56
6.875,51
6.724,45
6.827,66
6.814,75
6.777,61
,
6.781,30
,
,
7.51,27
7.526,52
7.503,63
7.506,69
7.478,66
7.478,63
7.428,60
7.427,55
7.427,57
7.427,53
7.427,53
7.452,55
7.403,56
7.428,62
7.428,64
7.428,62
7.428,66
7.428,65
7.428,66
7.428,64
7.478,63
7.453,65
7.428,66
7.455,68
7.453,64
7.43,68
7.428,64
7.453,64
7.453,66
7.453,65
7.478,66
7.428,66
7.478,65
7.504,67
7.529,67
7.505,68
7.478,62
7.527,58
7.528,61
7.528,60
7.528,64
7.528,65
7.503,64
7.477,56
7.502,55
7.527,53
7.551,49
7.426,47
7.478,61
7.552,59
7.602,58
7.626,49
,
,
,
,
,
,
6.724,44
6.857,70
6.851,57
6.852,66
6.877,60
6.875,47
6.725,52
6.625,58
6.626,63
6.727,66
6.752,65
6.675,57
6.677,63
6.976,56
6.852,60
6.931,30
,
7.227,57
7.226,47
7.327,59
7.226,49
7.202,57
7.177,58
7.178,62
7.202,59
7.177,58
7.152,54
7.176,51
7.176,46
7.126,47
7.176,52
7.177,54
7.202,59
7.203,60
7.178,61
7.203,63
7.227,59
7.228,61
7.253,61
7.228,61
7.277,57
7.277,56
7.303,64
7.327,56
7.378,55
7.277,58
7.278,62
7.3,45
7.328,35
7.353,53
7.402,52
7.127,54
7.178,62
7.077,56
7.078,61
7.03,68
