Plot,Tag #,Species,Azimuth (Á),Distance (m),Status,Last measured DBH (cm),2017 DBH (cm),Census Notes,5 year (unless otherwise noted) growth increment (mm),Core Analysis Notes,Average yearly growth increment (mm),Average yearly aboveground biomass production (kg yr-1),,species,a,b,,
AC103,1347,ACRU,248,8,O,10.1,9.9,,,needs to be glued,,,,ACRU,0.0312,2.778,,
AC103,1361,ACRU,180,17,O,9.8,9.7,,,needs to be glued,,,,ACSA,0.1693,2.3436,,
AC107,1182,ACRU,297,14.5,O,10.6,10.7,,2.087,,0.4174,0.240505976,,BEPA,0.0301,2.8387,,
AC107,1218,ACRU,150,13.5,O,13.6,14.9,,2.057,,0.4114,0.429272018,,FAGR,0.1892,2.3097,,
BF7,1599,ACRU,355,15.5,O,13.9,13.7,,3.288,,0.6576,0.585639587,,PIRE,0.0526,2.5258,,
BF7,1700,ACRU,235,4,O,10.2,10.3,,0.741,,0.1482,0.080682313,,PIST,0.0408,2.5735,,
BF8,1801,ACRU,280,15,O,9.2,9.6,,,needs to be glued,,,,POGR,0.1387,2.3498,,
BF8,1863,ACRU,60,9.5,O,10.6,10.9,,,needs to be glued,,,,QURU,0.0398,2.7734,,
BP36#1,3630,ACRU,55,10,O,13.5,14.4,,3.156,,0.6312,0.615355612,,PIBA,0.147,2.1673,Biomass equations for sixty-five North American tree species,Ker. 1984
BP36#1,3640,ACRU,160,9.5,O,9.7,9.9,,2.997,,0.5994,0.297912901,,PISY,,,,
BP36#2,3772,ACRU,115,8,C,13.5,13.2,,2.309,,0.4618,0.38720922,,TCSA,0.0682,2.3418,Biomass equations for sixty-five North American tree species,"Ker, 1980a"
BP36#2,3779,ACRU,100,15.5,C,11.5,11.1,,3.22,,0.644,0.392732285,,,,,,
BP54#2,3032,ACRU,204,11.5,C,13.3,13.5,,2.088,,0.4176,0.365083451,,,biomass (kg) = a*DBH(cm)^b,,,
BP54#2,3241,ACRU,330,15.5,O,10.8,10.5,,1.115,,0.223,0.1252444,,,,,,
BS40E,1914,ACRU,110,16,O,11.5,12.4,,3.032,,0.6064,0.452133275,,,,,,
BS40E,1972,ACRU,100,17,C,26,26.1,,5.126,,1.0252,2.883181091,,,,,,
CP1,1007,ACRU,90,3.5,C,47.7,46,,3.426,,0.6852,5.33590552,,,,,,
CP1,1496,ACRU,204,8,C,67.5,67.7,,5.445,,1.089,16.84967386,,,,,,
CP1,1479,ACRU,346,9.5,C,71,70.6,,6.423,,1.2846,21.39493962,,,,,,
DNR1,2353,ACRU,60,15.5,C,8.3,8,,3.466,4 YEARS,0.8665,0.291398556,,,,,,
DNR1,2356,ACRU,16,13.5,C,8.1,8.4,,4.197,,0.8394,0.306023267,,,,,,
DNR2,2164,ACRU,275,12.5,C,11.6,12.2,,4.897,,0.9794,0.699490426,,,,,,
DNR2,2172,ACRU,275,13,C,9.9,9.9,,5.394,,1.0788,0.524587441,,,,,,
DNR3,2228,ACRU,325,18,C,10.9,11.9,,3.537,,0.7074,0.487905238,,,,,,
DNR3,2283,ACRU,240,12.5,C,8.5,8.6,,6.328,,1.2656,0.470893776,,,,,,
PSA1,2835,ACRU,95,8,O,8.2,8.4,,,needs to be glued,,,,,,,,
PSA1,3473,ACRU,305,15,C,10.7,8.3,,,needs to be glued,,,,,,,,
PSA2,2687,ACRU,75,16,C,13.5,13.6,,,needs to be glued,,,,,,,,
PSA2,2688,ACRU,75,16.5,C,11.7,11.6,,,needs to be glued,,,,,,,,
PSA3,1548,ACRU,305,13,C,10.5,10.5,,,needs to be glued,,,,,,,,
PSA3,1620,ACRU,250,12.5,O,8.6,9.2,,,needs to be glued,,,,,,,,
BP98#1,,ACRU,,,C,,8.2,,7.835,,1.567,0.52501087,,,,,,
BP98#1,,ACRU,,,C,,8.2,,6.023,measurement of 4 YEARS,1.50575,0.514818068,,,,,,
RP97_3,,ACRU,,,D,,26.4,,4.259,,0.8518,2.452387122,,,,,,
RP97_3,,ACRU,,,D,,13.1,,7.075,"unable to read dark wood at start, started 2 years in or so",1.415,1.132635983,,,,,,
RP32_1,,ACRU,,,I,,15.2,,0.44,,0.088,0.096065884,,,,,,
RP32_1,,ACRU,,,I,,9.2,,1.128,,0.2256,0.100022143,,,,,,
RP32_2,,ACRU,,,C,,31.5,,2.623,,0.5246,2.082051071,,,,,,
RP32_2,,ACRU,,,O,,10.4,,,needs more sanding,,,,,,,,
RP32_3,,ACRU,,,I,,15.6,,0.979,,0.1958,0.223176927,,,,,,
RP32_3,,ACRU,,,C,,22.9,,2.805,,0.561,1.258627716,,,,,,
CP2,1461,ACSA,140,6,C,39.6,40.2,,3.768,,0.7536,4.249903591,,,,,,
CP2,1899,ACSA,320,17.5,C,73.6,76.5,,7.463,,1.4926,19.9764796,,,,,,
CP3,1435,ACSA,98,8,O,18.1,17.9,,1.257,,0.2514,0.47883626,,,,,,
CP3,1869,ACSA,242,8,O,22,21.3,,,needs to be glued,,,,,,,,
BS40E,1953,BEPA,328,17.5,O,22.2,23.7,,,can't read,,,,,,,,
BS40E,1956,BEPA,335,11.5,O,28.1,27.3,,2.129,"hard to read, unsure",0.4258,1.579231592,,,,,,
DNR2,2054,BEPA,100,16,D,13.5,12.8,Nearly dead,,needs to be glued,,,,,,,,
DNR2,2094,BEPA,75,16,C,10.1,10.6,,5.014,,1.0028,0.629625959,,,,,,
DNR3,2220,BEPA,305,11.5,C,9.8,10.3,,4.509,a little hard to read,0.9018,0.538868918,,,,,,
DNR3,2401,BEPA,100,15,C,9,9.2,,8.044,hard to ring,1.6088,0.749621282,,,,,,
CP1,1477,FAGR,0,12,C,39.2,39.6,,,needs to be glued,,,,,,,,
CP1,1010,FAGR,61,18,O,21.6,21.2,,1.458,,0.2916,0.692480227,,,,,,
CP1,1488,FAGR,271,17.5,O,13.8,13.8,,0.543,,0.1086,0.147260456,,,,,,
CP2,1468,FAGR,88,6.5,C,36.7,36.5,Do not band,2.718,,0.5436,2.628874099,,,,,,
CP2,1452,FAGR,197,10,O,9.9,9.6,Broken top,0.497,,0.0994,0.083727797,,,,,,
CP2,1451,FAGR,196,0.5,C,44.4,46.9,,0.701,,0.1402,0.945223627,,,,,,
CP2,1453,FAGR,194,9.5,C,38.7,38.4,,3.836,lots of variation in increment size,0.7672,3.95855343,,,,,,
CP3,1431,FAGR,132,15,O,13.5,13.7,,,needs to be glued,,,,,,,,
CP3,1879,FAGR,280,13,C,25.2,25,,,needs to be glued,,,,,,,,
RP97_1,,PIBA,,,D,,25.2,,17.65,,3.53,4.664583266,,,,,,
AC104,1307,PIRE,87,16,O,16,16.7,,4.182,,0.8364,0.799980692,,,,,,
AC104,1302,PIRE,101,11,C,28.1,28.5,,6.292,,1.2584,2.726826938,,,,,,
AC107,1169,PIRE,320,8,O,14.6,14.6,,1.848,,0.3696,0.290724442,,,,,,
AC107,1199,PIRE,228,5,D,35.8,35.4,,5.97,,1.194,3.616189203,,,,,,
AC107,1219,PIRE,137,11,C,35.3,35.2,,6.986,,1.3972,4.185577895,,,,,,
BS40E,1918,PIRE,240,10.5,O,11.5,11.2,,0.769,,0.1538,0.081088597,,,,,,
BS40E,1920,PIRE,259,4,O,15.5,14.5,,1.052,,0.2104,0.164451685,,,,,,
BS40E,1924,PIRE,273,18,C,45.5,44.9,,3.332,4 YEARS,0.833,3.652285135,,,,,,
BS40E,1934,PIRE,150,12.5,C,53,53.7,,1.806,,0.3612,2.087431121,,,,,,
BS40E,1942,PIRE,220,15.5,C,43,44.2,,2.405,,0.481,2.062102577,,,,,,
BS40E,1951,PIRE,314,6,O,11.8,11.2,,0.504,,0.1008,0.053241435,,,,,,
BS40F,1016,PIRE,44,18,O,10.1,10.2,,0.552,,0.1104,0.050522039,,,,,,
BS40F,1020,PIRE,334,17,C,38.7,39.4,,2.54,,0.508,1.826071449,,,,,,
BS40F,1030,PIRE,274,16,O,17.6,16.8,,1.167,,0.2334,0.228432369,,,,,,
BS40F,1046,PIRE,215,13,O,28.4,27.5,Old Tag #100,0.513,,0.1026,0.213819634,,,,,,
BS40F,1064,PIRE,147,5,C,54.1,51.1,Old Tag #81,2.475,,0.495,2.649062237,,,,,,
BS40F,1074,PIRE,82,9,C,47.1,45.5,Old Tag #83,1.462,,0.2924,1.312473523,,,,,,
BS40F,1080,PIRE,29,9.5,C,54.8,54.4,,1.996,,0.3992,2.352531528,,,,,,
BS40X,2927,PIRE,225,11,O,21.9,22.6,,0.595,,0.119,0.183720474,,,,,,
BS40X,2935,PIRE,90,18,C,46.9,46.9,,1.703,,0.3406,1.600666629,,,,,,
BS40X,2943,PIRE,27,14,C,41.5,42.1,,5.894,,1.1788,4.661251124,,,,,,
BS40X,2950,PIRE,286,11.5,O,13.5,13.6,,,needs to be glued,,,,,,,,
BS40X,2976,PIRE,208,17.5,O,15.8,15.3,,0.359,,0.0718,0.061141141,,,,,,
BS40X,2987,PIRE,140,14,O,25.2,25,,0.396,,0.0792,0.142745282,,,,,,
BS40X,2991,PIRE,193,2.5,C,43.7,44.3,,1.833,,0.3666,1.578657377,,,,,,
BS42A,296,PIRE,60,15.5,C,27.4,26,,3.485,,0.697,1.32169274,,,,,,
BS42A,366,PIRE,80,18,C,40.5,38.8,,2.267,,0.4534,1.592822864,,,,,,
BS42A,756,PIRE,0,14.5,O,16,15.7,,0.413,,0.0826,0.073146979,,,,,,
BS42A,866,PIRE,275,9,C,43.7,42.2,Old tag 136,1.578,,0.3156,1.262360946,,,,,,
BS42A,980,PIRE,210,18,C,37.4,37.7,Old tag 63,2.195,,0.439,1.476044599,,,,,,
BS42A,2703,PIRE,115,17,C,49.5,49.3,,3.198,,0.6396,3.236583953,,,,,,
BS42A,2704,PIRE,115,9,O,11,10.8,,0.405,,0.081,0.040497132,,,,,,
BS42A,2750,PIRE,165,8.5,O,11,10.7,,0.631,,0.1262,0.062104285,,,,,,
BS42A,3155,PIRE,240,12,C,47.6,47.1,Old tag 128,2.783,,0.5566,2.628228534,,,,,,
BS42B,2726,PIRE,165,16.5,C,44,43.9,Old tag 291,1.237,4 YEARS,0.30925,1.314718099,,,,,,
BS42B,2731,PIRE,165,7.5,O,11,10.6,Old tag 329/dying,0.467,,0.0934,0.045360961,,,,,,
BS42B,2732,PIRE,70,13,C,33,31.4,Old tag 347,0.7,,0.14,0.357099332,,,,,,
BS42B,2736,PIRE,115,12.5,C,24,24.8,Old tag 338,3.362,,0.6724,1.186212859,,,,,,
BS42B,2739,PIRE,60,5,C,37,35.3,Old tag 355,2.202,,0.4404,1.338927976,,,,,,
BS42B,2747,PIRE,100,17,C,18.5,16.7,Old tag 311,1.662,,0.3324,0.32163431,,,,,,
BS42B,2759,PIRE,335,13,C,41,40.6,Old tag 378,2.379,,0.4758,1.791242524,,,,,,
BS42B,2761,PIRE,10,15.5,C,30.5,30.2,Old tag 410,3.979,,0.7958,1.8967321,,,,,,
BS42B,2790,PIRE,250,17,C,34.5,33.5,Old tag 369,1.135,,0.227,0.638558366,,,,,,
BS42B,2797,PIRE,250,1,C,34.5,32.6,Old tag 361,,needs to be glued,,,,,,,,
BS42C,1088,PIRE,350,8.5,C,25.8,26.5,,0.741,,0.1482,0.29167182,,,,,,
BS42C,1110,PIRE,246,17.5,C,41.6,40.6,,1.753,,0.3506,1.321459315,,,,,,
BS42C,1112,PIRE,239,7,C,17.1,16.5,,,needs to be glued,,,,,,,,
BS42C,1116,PIRE,216,18,C,39.7,40.5,,1.37,,0.274,1.029600123,,,,,,
BS42C,1122,PIRE,177,7,C,24,24.4,OT#28,1.217,,0.2434,0.421628957,,,,,,
BS42C,1126,PIRE,161,9,C,33.8,33.7,OT#25,2.625,,0.525,1.485308875,,,,,,
BS42C,1131,PIRE,141,14.5,C,34,35.4,OT#22,2.307,,0.4614,1.408540532,,,,,,
BS42C,1133,PIRE,112,4,C,31.1,31.1,OT#95,1.377,,0.2754,0.691089216,,,,,,
BS42C,1138,PIRE,109,14.5,O,14.7,15,OT#36,0.591,,0.1182,0.097538427,,,,,,
BS42C,1161,PIRE,0,17,C,27.8,29.5,OT#190,3.06,,0.612,1.410413367,,,,,,
PSA1,3940,PIRE,220,6,C,27.1,26.8,,6.664,,1.3328,2.623715501,,,,,,
PSA1,3955,PIRE,165,16.5,C,20.1,27.3,,4.039,,0.8078,1.648422897,,,,,,
PSA2,2675,PIRE,100,13.5,C,23.2,23.4,in gap,5.117,,1.0234,1.641729678,,,,,,
PSA2,2841,PIRE,65,18,C,9.4,28.5,,3.468,,0.6936,1.514447614,,,,,,
PSA3,1569,PIRE,0,9,O,11.6,11.8,,2.519,,0.5038,0.284456764,,,,,,
PSA3,1681,PIRE,120,14.5,C,21.1,21.1,,,needs to be glued,,,,,,,,
RP97_1,,PIRE,,,C,,8.2,,23.515,,4.703,1.227799449,,,,,,
RP97_1,,PIRE,,,C,,9.5,,23.694,,4.7388,1.598750826,,,,,,
RP97_1,,PIRE,,,I,,9.5,,16.722,"measurement of 4 YEARS, 5th year is unclear",4.1805,1.499397315,,,,,,
RP97_1,,PIRE,,,C,,11.4,,24.116,,4.8232,2.218591253,,,,,,
RP97_1,,PIRE,,,C,,9.6,,21.607,,4.3214,1.512098103,,,,,,
RP97_1,,PIRE,,,I,,17.9,,15.883,,3.1766,3.213693895,,,,,,
RP97_1,,PIRE,,,C,,21.8,,17.166,,3.4332,4.72913112,,,,,,
RP97_1,,PIRE,,,C,,15.5,,15.683,,3.1366,2.522409544,,,,,,
RP97_2,,PIRE,,,D,,22.3,,25.731,,5.1462,7.127799693,,,,,,
RP97_2,,PIRE,,,C,,20.2,,23.039,,4.6078,5.4939741,,,,,,
RP97_2,,PIRE,,,C,,19.6,,18.756,,3.7512,4.334476465,,,,,,
RP97_2,,PIRE,,,C,,17.4,,21.276,,4.2552,4.01399431,,,,,,
RP97_2,,PIRE,,,C,,14.6,,24.984,,4.9968,3.466442061,,,,,,
RP97_2,,PIRE,,,I,,12.9,,19.325,,3.865,2.258713068,,,,,,
RP97_2,,PIRE,,,C,,12.4,,16.9,,3.38,1.880123098,,,,,,
RP97_2,,PIRE,,,C,,11.8,,16.427,,3.2854,1.690314396,,,,,,
RP97_3,,PIRE,,,C,,13.1,,24.845,,4.969,2.877421614,,,,,,
RP97_3,,PIRE,,,I,,10.3,,24.015,,4.803,1.858483416,,,,,,
RP97_3,,PIRE,,,I,,9.1,,23.156,,4.6312,1.456938336,,,,,,
RP97_3,,PIRE,,,I,,9.5,,24.523,,4.9046,1.642483677,,,,,,
RP97_3,,PIRE,,,I,,8.9,,16.722,"measurement of 4 YEARS, 5th year is unclear",4.1805,1.344137071,,,,,,
RP73_1,,PIRE,,,C,,21,,3.706,,0.7412,1.01133235,,,,,,
RP73_1,,PIRE,,,C,,38.4,,5.806,,1.1612,3.986934598,,,,,,
RP73_1,,PIRE,,,C,,38,,5.297,,1.0594,3.582999126,,,,,,
RP73_1,,PIRE,,,C,,36.1,,6.838,,1.3676,4.260767303,,,,,,
RP73_1,,PIRE,,,C,,35.6,,4.193,,0.8386,2.571758091,,,,,,
RP73_1,,PIRE,,,C,,33.6,,6.945,,1.389,3.873448476,,,,,,
RP73_1,,PIRE,,,C,,19,,11.395,,2.279,2.583045565,,,,,,
RP73_1,,PIRE,,,I,,11.5,,12.019,,2.4038,1.222664082,,,,,,
RP73_1,,PIRE,,,I,,10,,6.929,,1.3858,0.585592561,,,,,,
RP73_2,,PIRE,,,C,,35.2,,5.819,,1.1638,3.495279713,,,,,,
RP73_2,,PIRE,,,C,,38.5,,8.872,,1.7744,6.079399891,,,,,,
RP73_2,,PIRE,,,C,,38.6,,7.25,,1.45,5.00403557,,,,,,
RP73_2,,PIRE,,,C,,36.2,,6.86,,1.372,4.292527269,,,,,,
RP73_2,,PIRE,,,C,,33.6,,6.567,,1.3134,3.665796876,,,,,,
RP73_2,,PIRE,,,C,,32,,5.063,,1.0126,2.631001859,,,,,,
RP73_2,,PIRE,,,I,,18.4,,19.68,,3.936,4.093212006,,,,,,
RP73_2,,PIRE,,,I,,12.7,,10.917,,2.1834,1.311317655,,,,,,
RP73_2,,PIRE,,,I,,11.3,,6.746,,1.3492,0.692184984,,,,,,
RP73_2,,PIRE,,,I,,10.3,,13.574,,2.7148,1.141903817,,,,,,
RP73_3,,PIRE,,,O,,8.2,,10.648,,2.1296,0.633542936,,,,,,
RP73_3,,PIRE,,,I,,14.6,,11.968,,2.3936,1.783939917,,,,,,
RP73_3,,PIRE,,,C,,28.3,,7.862,,1.5724,3.356031386,,,,,,
RP73_3,,PIRE,,,C,,29.3,,4.708,,0.9416,2.138239204,,,,,,
RP73_3,,PIRE,,,C,,29.8,,6.399,,1.2798,2.969886147,,,,,,
RP73_3,,PIRE,,,C,,35.9,,7.504,,1.5008,4.629298448,,,,,,
RP73_3,,PIRE,,,C,,37.4,,8.429,,1.6858,5.528104178,,,,,,
RP73_3,,PIRE,,,C,,32.6,,8.744,,1.7488,4.635067704,,,,,,
RP73_3,,PIRE,,,C,,32.9,,3.497,,0.6994,1.903348894,,,,,,
RP47_1,,PIRE,,,C,,30,,3.544,,0.7088,1.674080876,,,,,,
RP47_1,,PIRE,,,C,,29.5,,5.718,,1.1436,2.61737208,,,,,,
RP47_1,,PIRE,,,C,,28.8,,2.311,,0.4622,1.02870928,,,,,,
RP47_1,,PIRE,,,C,,26.4,,3.196,,0.6392,1.241891591,,,,,,
RP47_1,,PIRE,,,C,,20.8,,4.657,,0.9314,1.247870291,,,,,,
RP47_1,,PIRE,,,I,,10.4,,,need to glue to read,,,,,,,,
RP47_1,,PIRE,,,I,,13.7,,0.701,,0.1402,0.100656971,,,,,,
RP47_1,,PIRE,,,C,,15.4,,,need to glue to read,,,,,,,,
RP47_2,,PIRE,,,C,,32.1,,3.34,,0.668,1.751183756,,,,,,
RP47_2,,PIRE,,,C,,27.1,,4.337,,0.8674,1.748673466,,,,,,
RP47_2,,PIRE,,,C,,22.7,,,need to glue to read,,,,,,,,
RP47_2,,PIRE,,,C,,19.5,,4.565,,0.913,1.107634111,,,,,,
RP47_2,,PIRE,,,C,,18.2,,0.955,,0.191,0.211492307,,,,,,
RP47_2,,PIRE,,,C,,14.4,,1.364,,0.2728,0.210627005,,,,,,
RP47_2,,PIRE,,,I,,12.7,,0.563,,0.1126,0.072050448,,,,,,
RP47_2,,PIRE,,,I,,13.7,,0.56,,0.112,0.080473986,,,,,,
RP47_3,,PIRE,,,C,,31,,3.615,,0.723,1.795435077,,,,,,
RP47_3,,PIRE,,,C,,22.5,,2.527,,0.5054,0.769928264,,,,,,
RP47_3,,PIRE,,,C,,20.8,,2.842,,0.5684,0.766655048,,,,,,
RP47_3,,PIRE,,,C,,21.2,,2.477,,0.4954,0.688943246,,,,,,
RP47_3,,PIRE,,,C,,13,,0.865,,0.173,0.114519112,,,,,,
RP47_3,,PIRE,,,C,,18.4,,0.997,,0.1994,0.224476879,,,,,,
RP47_3,,PIRE,,,I,,10.7,,,need to glue to read,,,,,,,,
RP47_3,,PIRE,,,I,,13.2,,0.856,,0.1712,0.116013548,,,,,,
RP32_1,,PIRE,,,C,,39.5,,4.696,,0.9392,3.375063793,,,,,,
RP32_1,,PIRE,,,C,,26.7,,4.702,,0.9404,1.851024575,,,,,,
RP32_1,,PIRE,,,I,,12.7,,,need to glue to read,,,,,,,,
RP32_1,,PIRE,,,I,,15.1,,0.87,,0.174,0.144845751,,,,,,
RP32_1,,PIRE,,,I,,18.6,,1.988,,0.3976,0.45321562,,,,,,
RP32_1,,PIRE,,,C,,23.6,,5.289,,1.0578,1.718373833,,,,,,
RP32_2,,PIRE,,,C,,30.1,,3.579,,0.7158,1.699119489,,,,,,
RP32_2,,PIRE,,,C,,38.5,,4.986,,0.9972,3.443187054,,,,,,
RP32_2,,PIRE,,,I,,14,,0.752,,0.1504,0.111586857,,,,,,
RP32_2,,PIRE,,,I,,13.9,,2.197,,0.4394,0.319891578,,,,,,
RP32_2,,PIRE,,,C,,23.6,,1.685,,0.337,0.553904201,,,,,,
RP32_2,,PIRE,,,C,,26.9,,5.622,,1.1244,2.232888709,,,,,,
RP32_3,,PIRE,,,C,,42,,2.233,,0.4466,1.771306518,,,,,,
RP32_3,,PIRE,,,C,,28.5,,1.765,,0.353,0.774296317,,,,,,
RP32_3,,PIRE,,,C,,22.7,,1.745,,0.349,0.540360237,,,,,,
RP32_3,,PIRE,,,I,,13.8,,1.798,,0.3596,0.259479746,,,,,,
RP32_3,,PIRE,,,I,,13.7,,1.708,,0.3416,0.243876248,,,,,,
RP32_3,,PIRE,,,I,,20.2,,,"can't read, needs gluing",,,,,,,,
AC103,1365,PIST,155,9,C,17.2,17.6,,5.076,,1.0152,0.949812699,,,,,,
AC103,1378,PIST,111,16.5,O,9.1,9.9,,6.485,,1.297,0.476512833,,,,,,
AC104,1301,PIST,117,17.5,C,20.5,22.2,,13.604,,2.7208,3.574103833,,,,,,
AC104,1282,PIST,225,16.5,C,32,33.6,,12.83,outer rings not very straight,2.566,6.591549171,,,,,,
AC104,1261,PIST,312,9,O,14.4,14.3,,2.84,,0.568,0.3860475,,,,,,
AC107,1168,PIST,317,5,O,15.9,16.6,,7.887,,1.5774,1.326096156,,,,,,
AC107,1174,PIST,317,13.5,O,16,17.3,,2.18,,0.436,0.402179375,,,,,,
BF7,1584,PIST,350,13.5,O,10.9,10.8,,2.259,,0.4518,0.197263017,,,,,,
BF7,1730,PIST,130,10.5,O,17.9,18.5,,2.655,,0.531,0.543570299,,,,,,
BF8,1782,PIST,340,17.5,O,9.3,9.6,,3.575,,0.715,0.256019862,,,,,,
BF8,1852,PIST,90,18,D,27.6,29.1,,8.477,,1.6954,3.49848351,,,,,,
BP36#1,3551,PIST,345,16.5,O,8.8,9.3,,3.246,,0.6492,0.221544161,,,,,,
BP36#1,3649,PIST,325,11,O,21.2,22,,8.006,,1.6012,2.115464964,,,,,,
BP36#2,3681,PIST,295,18,O,20.6,20.3,,5.991,,1.1982,1.402537159,,,,,,
BP36#2,3725,PIST,215,11,O,8.9,9.1,,1.485,,0.297,0.099402699,,,,,,
BP54#1,3255,PIST,152,18,C,29.1,30.9,,15.008,,3.0016,6.702350573,,,,,,
BP54#1,3270,PIST,124,10.5,O,11.4,12.7,,5.981,,1.1962,0.660050997,,,,,,
BS40F,1031,PIST,280,12,O,20.1,19.8,,1.749,,0.3498,0.400205667,,,,,,
BS40F,1040,PIST,225,8,O,13.6,13,,1.593,,0.3186,0.187509237,,,,,,
BS40X,2969,PIST,278,1.5,O,9.8,9.1,,1.542,,0.3084,0.10316696,,,,,,
BS40X,2994,PIST,340,6.5,D,49,52.1,,6.733,,1.3466,7.037848532,,,,,,
BS42A,820,PIST,280,12,C,46.3,46,Old tag 152,4.518,,0.9036,3.891772332,,,,,,
BS42A,3168,PIST,240,17,O,18.2,17.2,Old tag 123,,needs to be glued,,,,,,,,
DNR1,2351,PIST,55,16.5,C,15,15.1,,8.682,4 YEARS,2.1705,1.559509842,,,,,,
DNR1,2427,PIST,150,16.5,D,32.8,32.9,,16.583,,3.3166,8.161799384,,,,,,
DNR3,2213,PIST,293,16.5,D,20.3,21.8,,11.867,,2.3734,3.046563301,,,,,,
DNR3,2229,PIST,320,6,C,14.9,16.2,,10.105,,2.021,1.615615049,,,,,,
PSA1,3468,PIST,270,14,C,23.1,23.4,,5.428,,1.0856,1.597173732,,,,,,
PSA1,3488,PIST,323,15,O,11.8,11.9,,1.715,,0.343,0.175352913,,,,,,
RP97_2,,PIST,,,D,,34.2,,23.201,,4.6402,11.96768138,,,,,,
RP32_2,,PIST,,,I,,18.7,,3.622,,0.7244,0.751210276,,,,,,
RP32_2,,PIST,,,I,,13.3,,0.479,,0.0958,0.05884356,,,,,,
RP32_3,,PIST,,,C,,28.2,,3.702,,0.7404,1.472720422,,,,,,
RP32_3,,PIST,,,I,,11.9,,2.678,,0.5356,0.272065615,,,,,,
RP73_3,,PISY,,,C,,19.7,,9.409,,1.8818,2.275479926,,,,,,
RP73_3,,PISY,,,C,,34.4,,13.721,,2.7442,7.815494378,,,,,,
AC103,1337,POGR,354,6,D,35.5,36.3,,4.734,,0.9468,3.900264376,,,,,,
AC103,1383,POGR,80,5.5,D,39.3,40.3,,5.024,,1.0048,4.768300851,,,,,,
AC103,1399,POGR,9,4,D,23.3,24.1,,2.254,,0.4508,1.071003453,,,,,,
AC104,1315,POGR,50,3,D,24.1,25.4,,4.198,"did not use first 2 or 3 year, too hard to read, 5 year increment started after that",0.8396,2.130896083,,,,,,
AC104,1306,POGR,88,16.5,D,36.5,37.3,,2.833,,0.5666,2.430225562,,,,,,
AC104,1284,POGR,210,6,D,34.8,35,,2.958,,0.5916,2.32721646,,,,,,
AC104,1267,POGR,300,8,D,26.7,27,,0.726,,0.1452,0.403961699,,,,,,
AC107,1179,POGR,303,6,C,31.6,32.7,,,needs to be glued,,,,,,,,
AC107,1195,POGR,251,13,C,24.2,24.9,,,needs to be glued,,,,,,,,
AC107,1230,POGR,70,8.5,C,32.7,32.3,,5.6,,1.12,3.929576107,,,,,,
AC107,1251,POGR,2,9,C,27.6,28.3,,3.519,4 YEARS ,0.87975,2.590796317,,,,,,
AC107,1252,POGR,355,8.5,C,19.2,19.7,,2.14,,0.428,0.773802263,,,,,,
BF7,1731,POGR,125,14,O,12.1,12,,1.148,,0.2296,0.212788479,,,,,,
BF7,1738,POGR,90,14,D,22,22.6,,4.874,,0.9748,2.105944715,,,,,,
BF8,1417,POGR,0,15,C,22.5,23.2,,9.207,,1.8414,4.070579553,,,,,,
BF8,1830,POGR,170,12,C,15,14.9,dying,1.574,,0.3148,0.390485915,,,,,,
BP36#1,3555,POGR,315,13.5,C,23.6,25,,6.876,,1.3752,3.390796908,,,,,,
BP36#1,3574,POGR,255,15,C,15,15,,2.89,,0.578,0.719203636,,,,,,
BP36#1,3584,POGR,210,15,C,25.7,26.1,,4.977,,0.9954,2.616215349,,,,,,
BP36#1,3605,POGR,95,17,C,28.8,28.3,,6.949,,1.3898,4.059238776,,,,,,
BP36#1,3625,POGR,5,16,D,22.6,23,,5.411,,1.0822,2.390801204,,,,,,
BP36#1,3628,POGR,85,10,C,27,27.2,,4.154,,0.8308,2.314693427,,,,,,
BP36#1,3646,POGR,255,9.5,C,18.3,17.7,,2.627,,0.5254,0.819874199,,,,,,
BP36#2,2269,POGR,0,14,C,19.6,18.6,,2.075,,0.415,0.694170403,,,,,,
BP36#2,3694,POGR,270,14.5,C,17.7,17.9,,3.24,,0.648,1.024369678,,,,,,
BP36#2,3697,POGR,265,11.5,C,28.7,29.2,,4.937,,0.9874,3.024126724,,,,,,
BP36#2,3733,POGR,200,12,D,26.7,28.7,,,need to glue to read,,,,,,,,
BP36#2,3769,POGR,135,7.5,C,13.9,13.9,,4.984,,0.9968,1.106529987,,,,,,
BP36#2,3793,POGR,65,14,C,23.6,24.3,,4.474,,0.8948,2.136515883,,,,,,
BP36#2,3800,POGR,35,9,C,18.7,19.3,,4.355,,0.871,1.51958072,,,,,,
BP36#2,3724,POGR,220,17,D,24.9,26.2,,4.159,,0.8318,2.202318955,,,,,,
BP54#1,2014,POGR,354,8.5,C,15.7,15.9,,3.387,,0.6774,0.910594802,,,,,,
BP54#1,2519,POGR,37,5.5,C,13.3,13.4,,2.712,,0.5424,0.57920773,,,,,,
BP54#1,3079,POGR,234,13,C,12.6,12.5,,1.96,,0.392,0.382288025,,,,,,
BP54#1,3279,POGR,102,10.5,C,24.2,25.6,,8.593,,1.7186,4.357249632,,,,,,
BP54#1,3286,POGR,94,5.5,C,15.8,16.4,,3.032,,0.6064,0.851572599,,,,,,
BP54#2,3019,POGR,160,9,C,16,16.3,,6.781,,1.3562,1.859238936,,,,,,
BP54#2,3208,POGR,58,14.5,C,13.8,14.1,,3.166,,0.6332,0.723186066,,,,,,
BP54#2,3244,POGR,308,4,C,13.5,14.4,,1.744,,0.3488,0.412745336,,,,,,
BP80#1,1123.5,POGR,290,14.5,C,10.9,11,,3.479,,0.6958,0.564843653,,,,,,
BP80#1,1346.5,POGR,302,15.5,C,12.4,12.5,,5.636,,1.1272,1.077379926,,,,,,
BP80#1,1475.5,POGR,352,10,C,10.9,11.6,,4.859,,0.9718,0.841583705,,,,,,
BP80#1,2906,POGR,279,10.5,C,9.5,10,,4.718,,0.9436,0.666378245,,,,,,
BP80#1,3106,POGR,117,7,C,13.7,14.8,,10.382,"hard to read, unsure",2.0764,2.449924025,,,,,,
BP80#1,3130,POGR,38,14.5,C,15.6,16.8,,10.064,,2.0128,2.83815625,,,,,,
BP80#1,3200,POGR,0,11.5,C,11.1,12,,5.118,,1.0236,0.927462908,,,,,,
BP80#1,3307,POGR,16,16.5,C,8.5,8.5,,1.364,,0.2728,0.158037874,,,,,,
BP80#1,4372,POGR,254,12.5,C,9.1,9.2,,3.508,,0.7016,0.445498774,,,,,,
BP80#2,3417,POGR,175,5.5,C,13.1,13.7,,5.139,,1.0278,1.117570191,,,,,,
BP80#2,3433,POGR,160,7,C,10.6,11.1,,1.809,,0.3618,0.300440719,,,,,,
BP80#2,3512,POGR,115,13,C,12.9,13.3,,5.215,,1.043,1.088361854,,,,,,
BP80#2,3518,POGR,97,16.5,C,9.5,9.1,,2.451,,0.4902,0.309067222,,,,,,
BP80#2,3524,POGR,85,12,C,9.7,10.2,,4.231,,0.8462,0.61619511,,,,,,
BP80#2,3531,POGR,75,8,C,8.8,9.3,,4.416,,0.8832,0.565404501,,,,,,
BP80#2,3889,POGR,302,10,C,13.8,16,,7.679,,1.5358,2.044302112,,,,,,
BP80#2,3895,POGR,224,12.5,C,9.8,10.6,,4.302,,0.8604,0.660331895,,,,,,
BP80#2,4000,POGR,30,9,C,11,11.6,,8.452,,1.6904,1.432834738,,,,,,
BP80#3,3319,POGR,198,14,C,16.4,17.5,,8.66,,1.732,2.599219877,,,,,,
BP80#3,3354,POGR,320,16,C,10.7,11.3,,3.854,,0.7708,0.64777131,,,,,,
BP80#3,3356,POGR,307,7,C,17.7,18.6,,7.976,,1.5952,2.611090461,,,,,,
BP80#3,3357,POGR,300,7.5,C,13.3,13.2,,5.229,,1.0458,1.079923887,,,,,,
BP80#3,3820,POGR,115,17.5,C,12,13,,6.974,,1.3948,1.397356739,,,,,,
BP80#3,3826,POGR,140,2.5,C,9.3,10.1,,3.148,,0.6296,0.455623485,,,,,,
BP80#3,3833,POGR,97,17.5,C,10.4,10.9,,2.684,,0.5368,0.432495192,,,,,,
BP80#3,3840,POGR,103,10,C,13.1,15.9,,5.301,,1.0602,1.41350202,,,,,,
BP80#3,3891,POGR,17,11.5,C,12.4,13.7,,,needs to be glued in order to read,,,,,,,,
BP98#1,575,POGR,230,10.5,D,10.6,11.8,Quadrat 1 (easternmost),9.321,,1.8642,1.610132145,,,,,,
BP98#1,586,POGR,240,4,C,8.6,9.5,Quadrat 5,7.609,,1.5218,0.980158993,,,,,,
BP98#1,587,POGR,189,9,C,9.9,11.2,Quadrat 5,7.65,,1.53,1.240812091,,,,,,
BP98#1,2711,POGR,206,7,D,9.2,10.6,Quadrat 4,11.012,,2.2024,1.617316089,,,,,,
BP98#1,2713,POGR,263,7.5,C,8.7,9.5,Quadrat 5,6.828,,1.3656,0.88461697,,,,,,
BP98#1,2751,POGR,227,5.5,D,10.7,12.2,Quadrat 4,9.281,,1.8562,1.680433375,,,,,,
BS40E,1919,POGR,240,5.5,C,26,26.6,,7.088,,1.4176,3.802855013,,,,,,
BS40E,1921,POGR,258,6,C,19.4,19.1,,,needs to be glued in order to read,,,,,,,,
BS40E,1968,POGR,92,6.5,C,36,35.6,,9.854,,1.9708,7.829501235,,,,,,
BS40F,1024,POGR,317,9,C,49.2,50.3,,8.014,,1.6028,10.23473945,,,,,,
BS40F,1042,POGR,232,16.5,C,42.9,43.9,,5.912,,1.1824,6.293777294,,,,,,
BS40X,2944,POGR,48,14,C,24,24.5,,5.211,,1.0422,2.511257237,,,,,,
BS40X,2989,POGR,148,13.5,C,29,29.1,,9.239,,1.8478,5.576394308,,,,,,
DNR1,2435,POGR,195,17.5,C,10.4,11.2,,6.575,4 YEARS,1.64375,1.341975003,,,,,,
DNR1,2442,POGR,200,13,C,11,11,,5.637,,1.1274,0.902952223,,,,,,
DNR1,2456,POGR,275,13,C,8.1,9.2,,7.693,,1.5386,0.946634913,,,,,,
DNR1,2475,POGR,325,6.5,C,10.5,10.9,,4.753,,0.9506,0.755993462,,,,,,
DNR2,2073,POGR,25,12.5,D,12.6,13.9,,,can't read,,,,,,,,
DNR2,2093,POGR,55,15.5,C,12.8,13.3,,,can't read,,,,,,,,
DNR2,2133,POGR,155,13.5,O,9.6,9.5,,,can't read,,,,,,,,
DNR2,2157,POGR,260,13,C,9.3,9.2,,6.394,"difficult to read, unsure",1.2788,0.79458783,,,,,,
DNR2,2173,POGR,285,8,C,11.1,11.7,,7.353,,1.4706,1.269869235,,,,,,
DNR2,2129,POGR,145,17.5,C,8.4,9.3,,4.513,4 YEARS,1.12825,0.721760704,,,,,,
DNR3,2238,POGR,340,17,O,8.7,8.5,,,can't read,,,,,,,,
DNR3,2243,POGR,350,18,C,10.1,10.8,,,can't read,,,,,,,,
DNR3,2264,POGR,205,14,D,20.5,21.9,,15.684,,3.1368,6.274752279,,,,,,
DNR3,2307,POGR,25,13,D,13.6,13.2,,11.133,,2.2266,2.228996352,,,,,,
DNR3,2335,POGR,60,14,C,8.3,8.5,,3.254,4 YEARS,0.8135,0.464171057,,,,,,
DNR3,2337,POGR,60,9,C,9.3,9.6,,5.463,,1.0926,0.725347573,,,,,,
PSA1,2211,POGR,0,8,C,14.4,15.1,,3.697,4 YEARS,0.92425,1.156284324,,,,,,
PSA1,2528,POGR,25,13.5,O,8.5,8.1,,2.009,,0.4018,0.21681063,,,,,,
PSA1,2540,POGR,45,13.5,C,12,13.5,,6.876,,1.3752,1.452442229,,,,,,
PSA1,3971,POGR,125,16.5,O,8.2,8.3,,2.509,,0.5018,0.278798079,,,,,,
PSA2,2589,POGR,25,16,C,19.7,20.9,,8.444,,1.6888,3.240934865,,,,,,
PSA2,2604,POGR,200,14.5,C,11.3,11.9,,3.492,,0.6984,0.631433609,,,,,,
PSA2,2617,POGR,195,6,C,18.5,20,,7.72,,1.544,2.795591494,,,,,,
PSA2,2654,POGR,125,10,C,11.2,11.7,,,needs to be glued,,,,,,,,
PSA2,2665,POGR,115,17.5,C,11.8,11.2,,4.128,,0.8256,0.684257822,,,,,,
PSA2,2677,POGR,95,18,C,13.1,13.6,,6.533,,1.3066,1.396592977,,,,,,
PSA3,1570,POGR,15,10,C,13.1,14.1,,,needs to be glued,,,,,,,,
PSA3,1631,POGR,245,9,D,13,14.2,,4.306,,0.8612,0.987693305,,,,,,
PSA3,1633,POGR,235,11.5,D,12.5,13.8,,4.563,,0.9126,1.005156474,,,,,,
PSA3,1648,POGR,150,15,C,15.1,15.4,,,needs to be glued,,,,,,,,
PSA3,1650,POGR,140,16.5,D,16.1,17.5,,9.27,,1.854,2.775617524,,,,,,
PSA3,1976,POGR,260,18,O,8.9,8.5,,0.843,,0.1686,0.09808019,,,,,,
PSA3,1997,POGR,250,15,D,19.5,20.3,,6.711,,1.3422,2.488981226,,,,,,
BP98#1,2710,POGR,236,11,C,8.2,10,0.03431,8.553,,1.7106,1.17625886,,,,,,
BP98#1,,POGR,,,C,,9.2,,9.181,,1.8362,1.11695957,,,,,,
BP98#1,,POGR,,,C,,8.6,,10.03,,2.006,1.100864489,,,,,,
BP98#1,,POGR,,,C,,9,,7.897,,1.5794,0.940607424,,,,,,
BP98_2,B,POGR,,,C,,8,,3.822,,0.7644,0.399269652,,,,,,
BP98_2,C,POGR,,,C,,8,,3.839,,0.7678,0.400986827,,,,,,
BP98_2,,POGR,,,C,,9.6,,8.685,,1.737,1.126466473,,,,,,
BP98_2,,POGR,,,C,,9.8,,9.08,,1.816,1.209078579,,,,,,
BP98_2,,POGR,,,C,,9.5,,9.841,,1.9682,1.246903076,,,,,,
BP98_2,,POGR,,,C,,10.1,,8.409,,1.6818,1.173960536,,,,,,
BP98_2,568,POGR,205,18,C,,10.9,,12.244,,2.4488,1.856156681,,,,,,
BP98_2,4293,POGR,,,C,,11.7,,8.809,"measurement of 4 YEARS, difficult to read --> unsure",2.20225,1.885251819,,,,,,
BP98_2,4299,POGR,215,5,D,,12.1,,9.951,,1.9902,1.774173652,,,,,,
RP97_1,,POGR,,,C,,11.2,,4.181,,0.8362,0.69281813,,,,,,
RP97_1,,POGR,,,C,,12.5,,2.116,,0.4232,0.412365042,,,,,,
RP97_2,,POGR,,,C,,20.3,,12.726,"first 4 mm unreadable, started with first readable ring",2.5452,4.624389458,,,,,,
RP97_2,,POGR,,,C,,9.5,,,can't read,,,,,,,,
RP97_3,,POGR,,,D,,22.4,,,can't read,,,,,,,,
RP97_3,,POGR,,,D,,14.6,,2.202,,0.4404,0.529861915,,,,,,
RP97_3,,POGR,,,D,,21.2,,4.988,,0.9976,1.974329491,,,,,,
RP97_3,,POGR,,,D,,15.3,,2.627,,0.5254,0.672422379,,,,,,
RP32_1,,POGR,,,D,,34.9,,10.172,,2.0344,7.86051855,,,,,,
RP32_1,,POGR,,,C,,28.7,,6.223,,1.2446,3.711933296,,,,,,
RP32_2,,POGR,,,C,,35.6,,9.052,,1.8104,7.203344997,,,,,,
RP32_2,,POGR,,,C,,26.5,,5.047,,1.0094,2.708083664,,,,,,
RP32_3,,POGR,,,C,,33.4,,3.997,,0.7994,2.945151071,,,,,,
RP32_3,,POGR,,,C,,20.3,,2.347,,0.4694,0.88330596,,,,,,
AC103,1348,QURU,246,14.5,O,15,15.4,,3.086,,0.6172,0.854132436,,,,,,
AC103,1350,QURU,236,9,D,33.5,34.9,,5.958,,1.1916,7.054686729,,,,,,
AC103,1369,QURU,156,11.5,D,34,35.1,,7.103,"read without gluing, just pressing parts together",1.4206,8.472135134,,,,,,
AC103,1387,QURU,68,11,D,38.6,37.5,irregularly shaped trunk,4.382,,0.8764,5.922094617,,,,,,
AC103,1388,QURU,67,11,D,31.6,30.6,,7.531,,1.5062,7.015130465,,,,,,
AC104,1317,QURU,50,7,O,16,16.9,,1.527,,0.3054,0.503284537,,,,,,
AC104,1292,QURU,155,10,D,36.1,36.4,,6.049,,1.2098,7.720530326,,,,,,
AC104,1263,QURU,312,11.5,C,23,24.2,,3.051,,0.6102,1.894783526,,,,,,
BF7,1575,QURU,285,7,C,14.3,14,,3.452,,0.6904,0.803528127,,,,,,
BF7,1580,QURU,280,14,O,18.8,15.2,,1.608,,0.3216,0.438542009,,,,,,
BF7,1581,QURU,350,5,C,26,26.7,,6.955,,1.391,5.080636378,,,,,,
BF7,1692,QURU,245,12,D,23,24,,6.65,,1.33,4.015028744,,,,,,
BF7,1723,QURU,140,13,C,21.7,22,,4.527,,0.9054,2.357404231,,,,,,
BF7,1757,QURU,30,14.5,C,19.2,19.8,,7.262,,1.4524,3.092200099,,,,,,
BF7,1768,QURU,10,15,D,24.6,24.5,,7.176,,1.4352,4.487603622,,,,,,
BF8,1406,QURU,15,17.58,O,17.6,17.7,,5.246,,1.0492,1.842609381,,,,,,
BF8,1793,QURU,295,14,D,24.2,24.9,,6.14,,1.228,3.968026388,,,,,,
BF8,1806,QURU,260,11.5,O,15.2,15.5,,2.016,,0.4032,0.567975492,,,,,,
BF8,1813,QURU,245,15.5,C,21,21.7,,3.972,,0.7944,2.022738789,,,,,,
BF8,1840,QURU,140,10.5,C,20,21.3,,5.153,,1.0306,2.525666072,,,,,,
BF8,1851,QURU,100,15,C,19.4,20.2,,5.898,,1.1796,2.619603366,,,,,,
BF8,1866,QURU,55,16,O,18.4,19.4,,5.294,,1.0588,2.192477725,,,,,,
BP54#1,2018,QURU,287,12,C,22.2,23.2,,3.785,,0.757,2.173933288,,,,,,
BP54#1,2501,QURU,59,11.5,C,22.2,24.3,,7.126,,1.4252,4.391887071,,,,,,
BP54#1,3068,QURU,204,15,C,30.3,31.3,,10.989,,2.1978,10.55537721,,,,,,
BP54#2,3017,QURU,170,17.5,C,18.5,19.4,,5.613,,1.1226,2.321167327,,,,,,
BP54#2,3182,QURU,131,13.5,C,17.7,17.4,,1.489,,0.2978,0.517022793,,,,,,
BP54#2,3212,QURU,51,10,C,13.4,13.7,,3.229,,0.6458,0.72399872,,,,,,
BP54#2,3243,QURU,325,14,C,25.5,26.7,,4.904,,0.9808,3.607065415,,,,,,
BP54#2,3016,QURU,165,17.5,C,23.2,23.8,Measured below bump,6.356,,1.2712,3.784389316,,,,,,
BP54#2,3031,QURU,196,11.5,C,22.1,22.9,,7.105,,1.421,3.935546656,,,,,,
BP98#1,576,QURU,227,2.5,C,9.4,10.2,Quadrat 2,7.268,,1.4536,0.925097095,,,,,,
BS40X,2934,QURU,118,6.5,C,41.1,40.6,,5.661,,1.1322,8.790133301,,,,,,
BS40X,2981,QURU,340,9.5,C,37.1,37.2,,5.704,,1.1408,7.575031154,,,,,,
CP1,1005,QURU,116,8,D,78,79.8,measured using DBH tape (too big for calipers),14.691,,2.9382,75.31391147,,,,,,
CP1,1499,QURU,167,15,C,53.7,53.9,,4.299,,0.8598,11.09217129,,,,,,
CP2,1473,QURU,38,7.5,C,49,48.2,,5.886,,1.1772,12.40932695,,,,,,
CP2,1474,QURU,34,8.5,C,77.1,78.6,,11.175,,2.235,55.97910699,,,,,,
CP3,1421,QURU,242,2,C,59,59.9,,17.477,,3.4954,53.35614738,,,,,,
CP3,1440,QURU,71,15,C,64.7,64.2,,6.972,,1.3944,24.46668589,,,,,,
CP3,1443,QURU,55,8,C,63.7,63.9,,6.15,,1.23,21.42708225,,,,,,
CP3,1445,QURU,54,6,D,77.2,76,,12.278,,2.4556,57.84264457,,,,,,
CP3,1880,QURU,284,5.5,C,45.1,46.9,,3.755,,0.751,7.570170847,,,,,,
DNR1,2396,QURU,120,13,C,23.1,23.4,,20.511,,4.1022,11.2142902,,,,,,
DNR1,2426,QURU,145,10.5,C,12.3,13.3,,9.615,,1.923,1.957483168,,,,,,
DNR1,2457,QURU,295,9,C,10.2,10.1,,7.065,,1.413,0.88473284,,,,,,
DNR1,2466,QURU,285,13.5,C,13.5,14.7,,14.339,,2.8678,3.406558014,,,,,,
DNR2,2110,QURU,190,12,C,18.9,19.8,,10.709,,2.1418,4.488927218,,,,,,
DNR2,2123,QURU,190,12,C,21.8,23,,12.367,,2.4734,6.763388887,,,,,,
DNR3,2281,QURU,250,15.5,C,11.5,12.7,,6.557,,1.3114,1.253264522,,,,,,
DNR3,2300,QURU,115,13,C,12.1,13,,14.641,,2.9282,2.758531495,,,,,,
PSA1,2817,QURU,105,11,C,20.3,22.5,NO TAG,12.947,,2.5894,6.786696486,,,,,,
PSA1,3447,QURU,255,8,C,15.3,15.7,,8.334,"measured without gluing, just pressing together",1.6668,2.317093411,,,,,,
PSA2,2558,QURU,330,12,C,33.2,33,,14.542,,2.9084,15.21855449,,,,,,
PSA2,2561,QURU,320,12,C,19.5,20.9,,11.094,,2.2188,5.122922223,,,,,,
PSA2,2585,QURU,15,10,C,10.5,10.8,,,needs to be glued,,,,,,,,
PSA3,1560,QURU,295,17.5,D,19.9,21.7,,10.256,,2.0512,5.088861203,,,,,,
PSA3,1572,QURU,345,15.5,O,11.9,12,,,needs to be glued,,,,,,,,
BP98_2,,QURU,,,C,,10.1,,7.306,measurement of 4 YEARS,1.8265,1.141159333,,,,,,
BP98_2,3146,QURU,219,10.5,D,,11.2,,,needs to be glued in order to read,,,,,,,,
RP47_1,,QURU,,,I,,27.2,,3.188,,0.6376,2.437727127,,,,,,
RP47_1,,QURU,,,C,,34.3,,3.308,,0.6616,3.823500057,,,,,,
RP47_2,,QURU,,,C,,27.2,,3.631,,0.7262,2.772444865,,,,,,
RP47_2,,QURU,,,C,,20.9,,1.78,,0.356,0.855476557,,,,,,
RP47_3,,QURU,,,I,,22.2,,2.015,,0.403,1.077263173,,,,,,
RP47_3,,QURU,,,C,,28.2,,3.439,,0.6878,2.802352164,,,,,,
RP32_1,,QURU,,,C,,30,,4.929,,0.9858,4.465446588,,,,,,
RP32_1,,QURU,,,C,,26.1,,5.364,,1.0728,3.78216212,,,,,,
CP1,1493,TSCA,228,10,C,92,93.4,measured using DBH tape (too big for calipers),6.109,missing 1st 2 years (5 year increment starts after that),1.2218,8.555338993,,,,,,
CP1,1492,TSCA,250,6,O,32.7,32.6,,1.571,missing 1st 4 years (5 year increment starts after that),0.3142,0.536500491,,,,,,
CP1,1491,TSCA,254,4,C,75.3,74.9,,4.027,,0.8054,4.197175169,,,,,,
CP1,1486,TSCA,286,4,C,71,69.6,,6.201,,1.2402,5.843027183,,,,,,
CP2,1896,TSCA,273,4,C,68.1,65.2,,13.351,,2.6702,11.43514949,,,,,,
CP2,1900,TSCA,324,14.5,D,87.8,89.9,measured using DBH tape (too big for calipers),6.451,,1.2902,8.579299982,,,,,,
CP2,1456,TSCA,164,13,O,11.8,12.7,,6.731,,1.3462,0.627915755,,,,,,
CP2,1898,TSCA,289,12.5,O,12.8,13.8,,,needs to be glued,,,,,,,,
CP3,1422,TSCA,177,11.5,C,53.1,54.1,,6.845,started measuring 2 years in (1st year cracked/separated),1.369,4.588226147,,,,,,
CP3,1429,TSCA,130,10,O,8,7.7,,,needs to be glued,,,,,,,,
